timestamp,mean
2025-06-21 20:00:00,1.765060865809406
2025-06-21 20:05:00,1.7768969946840203
2025-06-21 20:10:00,1.7561964024404513
2025-06-21 20:15:00,1.691276504199577
2025-06-21 20:20:00,1.6863974137651019
2025-06-21 20:25:00,1.7135025277648879
2025-06-21 20:30:00,1.6792300964327018
2025-06-21 20:35:00,1.7099264015943507
2025-06-21 20:40:00,1.6905717267970766
2025-06-21 20:45:00,1.685003249872234
2025-06-21 20:50:00,1.7339778099804029
2025-06-21 20:55:00,1.7235752040937553
2025-06-21 21:00:00,1.739256028689706
2025-06-21 21:05:00,1.7339811993933303
2025-06-21 21:10:00,1.734110002601778
2025-06-21 21:15:00,1.7388312780750417
2025-06-21 21:20:00,1.72429293183913
2025-06-21 21:25:00,1.7204868728610714
2025-06-21 21:30:00,1.7657761890459864
2025-06-21 21:35:00,1.6927007309483106
2025-06-21 21:40:00,1.693467011106611
2025-06-21 21:45:00,1.7073858833581896
2025-06-21 21:50:00,1.6989327997168693
2025-06-21 21:55:00,1.7201982562319047
2025-06-21 22:00:00,1.829822035789201
2025-06-21 22:05:00,1.8213322632650977
2025-06-21 22:10:00,1.6928014443705295
2025-06-21 22:15:00,1.7053931635029511
2025-06-21 22:20:00,1.8052584238332385
2025-06-21 22:25:00,1.7645952699889849
2025-06-21 22:30:00,1.7288617714067473
2025-06-21 22:35:00,1.6843923444958149
2025-06-21 22:40:00,1.6691627300541707
2025-06-21 22:45:00,1.6853121825000112
2025-06-21 22:50:00,1.7077429537964535
2025-06-21 22:55:00,1.7623884650596329
2025-06-21 23:00:00,1.748390648212934
2025-06-21 23:05:00,1.9083800386786636
2025-06-21 23:10:00,1.7900263260610556
2025-06-21 23:15:00,1.8164387420033798
2025-06-21 23:20:00,1.7666918243929073
2025-06-21 23:25:00,1.7914758181080521
2025-06-21 23:30:00,1.7410771804134648
2025-06-21 23:35:00,1.718725434595176
2025-06-21 23:40:00,1.7917704187231225
2025-06-21 23:45:00,1.6704706232874573
2025-06-21 23:50:00,1.8098261922072822
2025-06-21 23:55:00,1.7466615961711716
2025-06-22 00:00:00,1.8892063572357443
2025-06-22 00:05:00,1.875426167158082
2025-06-22 00:10:00,1.8593692305641971
2025-06-22 00:15:00,1.8679962184333512
2025-06-22 00:20:00,1.872032006922299
2025-06-22 00:25:00,1.8873959862257155
2025-06-22 00:30:00,1.8836234471748812
2025-06-22 00:35:00,1.8702448556625935
2025-06-22 00:40:00,1.8935153807843006
2025-06-22 00:45:00,1.9574736936219053
2025-06-22 00:50:00,1.9253607036374902
2025-06-22 00:55:00,1.899056204563545
2025-06-22 01:00:00,1.9202625418571635
2025-06-22 01:05:00,1.8539030759510615
2025-06-22 01:10:00,1.907786058496244
2025-06-22 01:15:00,1.8839496540151874
2025-06-22 01:20:00,1.8560616044073286
2025-06-22 01:25:00,1.940711300519726
2025-06-22 01:30:00,1.9152151552947505
2025-06-22 01:35:00,1.9241660586017124
2025-06-22 01:40:00,1.878258490789168
2025-06-22 01:45:00,1.9488567435677677
2025-06-22 01:50:00,1.9191227380199551
2025-06-22 01:55:00,1.9626296317743612
2025-06-22 02:00:00,1.9457806686740937
2025-06-22 02:05:00,1.9174796823216238
2025-06-22 02:10:00,1.8992010333861975
2025-06-22 02:15:00,2.006764122633379
2025-06-22 02:20:00,1.9537418992675344
2025-06-22 02:25:00,1.9585168380074944
2025-06-22 02:30:00,1.9218905917662443
2025-06-22 02:35:00,1.9838651550926387
2025-06-22 02:40:00,1.9769027553878467
2025-06-22 02:45:00,1.987982572859639
2025-06-22 02:50:00,2.0186446928670847
2025-06-22 02:55:00,2.0214501491864714
2025-06-22 03:00:00,2.10087852310909
2025-06-22 03:05:00,2.0361242418184102
2025-06-22 03:10:00,2.0931054406398215
2025-06-22 03:15:00,2.036528011022446
2025-06-22 03:20:00,2.0423226361403017
2025-06-22 03:25:00,2.0849829775024964
2025-06-22 03:30:00,2.0671780189849405
2025-06-22 03:35:00,2.065079773788122
2025-06-22 03:40:00,2.037023530664281
2025-06-22 03:45:00,2.0953500450552327
2025-06-22 03:50:00,2.05294864511705
2025-06-22 03:55:00,2.107079373655637
2025-06-22 04:00:00,2.2081583226841146
2025-06-22 04:05:00,2.11209987205122
2025-06-22 04:10:00,2.20350367909786
2025-06-22 04:15:00,2.0577384676586403
2025-06-22 04:20:00,2.117195354308033
2025-06-22 04:25:00,2.1494092424044084
2025-06-22 04:30:00,2.1064015401294824
2025-06-22 04:35:00,2.1061744832455633
2025-06-22 04:40:00,2.1578942870049893
2025-06-22 04:45:00,2.1633423293040166
2025-06-22 04:50:00,2.0817152783585797
2025-06-22 04:55:00,2.155983971799828
2025-06-22 05:00:00,2.1820409443287736
2025-06-22 05:05:00,2.196033895916921
2025-06-22 05:10:00,2.14164712904034
2025-06-22 05:15:00,2.179726057424946
2025-06-22 05:20:00,2.2035383302070786
2025-06-22 05:25:00,2.201323561477073
2025-06-22 05:30:00,2.2372321877380656
2025-06-22 05:35:00,2.163774307206604
2025-06-22 05:40:00,2.2184127208164623
2025-06-22 05:45:00,2.212097013727589
2025-06-22 05:50:00,2.199059269101105
2025-06-22 05:55:00,2.232007051790858
2025-06-22 06:00:00,2.2752614013401895
2025-06-22 06:05:00,2.24986436532633
2025-06-22 06:10:00,2.236756789287525
2025-06-22 06:15:00,2.272401011316036
2025-06-22 06:20:00,2.217780862800709
2025-06-22 06:25:00,2.222235712012323
2025-06-22 06:30:00,2.282479226388922
2025-06-22 06:35:00,2.20421509418401
2025-06-22 06:40:00,2.256327231667918
2025-06-22 06:45:00,2.279320117675451
2025-06-22 06:50:00,2.2774435199072403
2025-06-22 06:55:00,2.261704324454499
2025-06-22 07:00:00,2.306664995447728
2025-06-22 07:05:00,2.2732735756635436
2025-06-22 07:10:00,2.257559944808228
2025-06-22 07:15:00,2.2580418321787508
2025-06-22 07:20:00,2.245462960328173
2025-06-22 07:25:00,2.2517190093107837
2025-06-22 07:30:00,2.2884772817960988
2025-06-22 07:35:00,2.257819632492457
2025-06-22 07:40:00,2.257304349132942
2025-06-22 07:45:00,2.2790967464500413
2025-06-22 07:50:00,2.287406052891573
2025-06-22 07:55:00,2.2622829125686557
2025-06-22 08:00:00,2.25731614824798
2025-06-22 08:05:00,2.2849051486866774
2025-06-22 08:10:00,2.2812044462870764
2025-06-22 08:15:00,2.262032121480671
2025-06-22 08:20:00,2.25084477911565
2025-06-22 08:25:00,2.2740052784312352
2025-06-22 08:30:00,2.2521998033046744
2025-06-22 08:35:00,2.2442346097641597
2025-06-22 08:40:00,2.267313119843707
2025-06-22 08:45:00,2.258542936865906
2025-06-22 08:50:00,2.2774585375577776
2025-06-22 08:55:00,2.299464856045165
2025-06-22 09:00:00,2.2636943613272904
2025-06-22 09:05:00,2.263249837067064
2025-06-22 09:10:00,2.218503180033166
2025-06-22 09:15:00,2.291916404122114
2025-06-22 09:20:00,2.288219192896602
2025-06-22 09:25:00,2.2858949692001853
2025-06-22 09:30:00,2.258160935262586
2025-06-22 09:35:00,2.26657367218536
2025-06-22 09:40:00,2.2818077842062046
2025-06-22 09:45:00,2.2762004526669815
2025-06-22 09:50:00,2.278888266415873
2025-06-22 09:55:00,2.2433349814854178
2025-06-22 10:00:00,2.272810840700148
2025-06-22 10:05:00,2.2896404112000415
2025-06-22 10:10:00,2.223361847933219
2025-06-22 10:15:00,2.229748770135292
2025-06-22 10:20:00,2.225829044832307
2025-06-22 10:25:00,2.258516581233876
2025-06-22 10:30:00,2.198866090121197
2025-06-22 10:35:00,2.194377679219748
2025-06-22 10:40:00,2.264482344647948
2025-06-22 10:45:00,2.234699095095057
2025-06-22 10:50:00,2.224570623926865
2025-06-22 10:55:00,2.2154046592857513
2025-06-22 11:00:00,2.2696274490342256
2025-06-22 11:05:00,2.286228279464081
2025-06-22 11:10:00,2.2825869980651814
2025-06-22 11:15:00,2.2453472732319475
2025-06-22 11:20:00,2.2588746723096977
2025-06-22 11:25:00,2.2363341648051116
2025-06-22 11:30:00,2.273427918297409
2025-06-22 11:35:00,2.241632843417701
2025-06-22 11:40:00,2.268826642055676
2025-06-22 11:45:00,2.2230258634598643
2025-06-22 11:50:00,2.2123445325877404
2025-06-22 11:55:00,2.1972790425646695
2025-06-22 12:00:00,2.1225554191046143
2025-06-22 12:05:00,2.170485732439774
2025-06-22 12:10:00,2.160787835267021
2025-06-22 12:15:00,2.129486287034119
2025-06-22 12:20:00,2.1840121634505407
2025-06-22 12:25:00,2.0809239461900964
2025-06-22 12:30:00,2.142508758407278
2025-06-22 12:35:00,2.127084033650328
2025-06-22 12:40:00,2.098179496787984
2025-06-22 12:45:00,2.0705169093262388
2025-06-22 12:50:00,2.093669598697794
2025-06-22 12:55:00,2.1109898075236218
2025-06-22 13:00:00,2.109978904203365
2025-06-22 13:05:00,2.1202942846767314
2025-06-22 13:10:00,2.1147614766102905
2025-06-22 13:15:00,2.095138145156772
2025-06-22 13:20:00,2.1113617793507156
2025-06-22 13:25:00,2.137602311048321
2025-06-22 13:30:00,2.1204912201580064
2025-06-22 13:35:00,2.156044978152505
2025-06-22 13:40:00,2.113777913017698
2025-06-22 13:45:00,2.1123739234240695
2025-06-22 13:50:00,2.0963384836747805
2025-06-22 13:55:00,2.117682258827067
2025-06-22 14:00:00,2.054927328994387
2025-06-22 14:05:00,2.0856928268408104
2025-06-22 14:10:00,2.0518927813019365
2025-06-22 14:15:00,2.031828511520424
2025-06-22 14:20:00,2.010697165103762
2025-06-22 14:25:00,2.0450611001354146
2025-06-22 14:30:00,1.9789375501887736
2025-06-22 14:35:00,1.9791691137734528
2025-06-22 14:40:00,2.0288428408838057
2025-06-22 14:45:00,2.033495678085033
2025-06-22 14:50:00,2.0675777643453013
2025-06-22 14:55:00,1.9709783727996912
2025-06-22 15:00:00,2.0412961701408148
2025-06-22 15:05:00,1.9836818792362296
2025-06-22 15:10:00,1.974490016648831
2025-06-22 15:15:00,1.973158838862883
2025-06-22 15:20:00,1.998106808643993
2025-06-22 15:25:00,1.9772662574950375
2025-06-22 15:30:00,2.0143192022414893
2025-06-22 15:35:00,1.9259160121015897
2025-06-22 15:40:00,1.923839459360583
2025-06-22 15:45:00,1.942549757552147
2025-06-22 15:50:00,1.9307607803043245
2025-06-22 15:55:00,1.9023521087480895
2025-06-22 16:00:00,1.9040185478950786
2025-06-22 16:05:00,1.830003226791648
2025-06-22 16:10:00,1.8897396200179792
2025-06-22 16:15:00,1.9361389478054276
2025-06-22 16:20:00,1.8665916940916831
2025-06-22 16:25:00,1.817186819796994
2025-06-22 16:30:00,1.7799417776410986
2025-06-22 16:35:00,1.7843041558863681
2025-06-22 16:40:00,1.8214445691264336
2025-06-22 16:45:00,1.8379007926478481
2025-06-22 16:50:00,1.8499567871671019
2025-06-22 16:55:00,1.7866049913364133
2025-06-22 17:00:00,1.8707918260757028
2025-06-22 17:05:00,1.7892123386480334
2025-06-22 17:10:00,1.7951383726197525
2025-06-22 17:15:00,1.7762729299698052
2025-06-22 17:20:00,1.8908282210487681
2025-06-22 17:25:00,1.7354034895360098
2025-06-22 17:30:00,1.7498815168327309
2025-06-22 17:35:00,1.7624837928374246
2025-06-22 17:40:00,1.7440400198264374
2025-06-22 17:45:00,1.725810211587687
2025-06-22 17:50:00,1.783450166913485
2025-06-22 17:55:00,1.7351844609715132
2025-06-22 18:00:00,1.795324810583803
2025-06-22 18:05:00,1.821461233034719
2025-06-22 18:10:00,1.7501456133506035
2025-06-22 18:15:00,1.7204727418356225
2025-06-22 18:20:00,1.7710536062252558
2025-06-22 18:25:00,1.78679196188856
2025-06-22 18:30:00,1.720705314432226
2025-06-22 18:35:00,1.7405557797826674
2025-06-22 18:40:00,1.7310086623273522
2025-06-22 18:45:00,1.720614258461293
2025-06-22 18:50:00,1.6860486699731916
2025-06-22 18:55:00,1.7535971644922503
2025-06-22 19:00:00,1.7109708457959847
2025-06-22 19:05:00,1.728528071765525
2025-06-22 19:10:00,1.7219268607242155
2025-06-22 19:15:00,1.7971072001149282
2025-06-22 19:20:00,1.702769546621743
2025-06-22 19:25:00,1.7269516534007405
2025-06-22 19:30:00,1.814788407112311
2025-06-22 19:35:00,1.6907316934163605
2025-06-22 19:40:00,1.7293899142668652
2025-06-22 19:45:00,1.7861152181668922
2025-06-22 19:50:00,1.7255511788365248
2025-06-22 19:55:00,1.7199904495589804
2025-06-22 20:00:00,1.7442508577603948
2025-06-22 20:05:00,1.7323856764772332
2025-06-22 20:10:00,1.713950060735129
2025-06-22 20:15:00,1.7240397469211346
2025-06-22 20:20:00,1.7027644915925555
2025-06-22 20:25:00,1.706869842103572
2025-06-22 20:30:00,1.7086955333681266
2025-06-22 20:35:00,1.7203077425748805
2025-06-22 20:40:00,1.822071851728412
2025-06-22 20:45:00,1.694335549104717
2025-06-22 20:50:00,1.7320114527492627
2025-06-22 20:55:00,1.7872126991346489
2025-06-22 21:00:00,1.7074077172654507
2025-06-22 21:05:00,1.7664261533117873
2025-06-22 21:10:00,1.7807006884461993
2025-06-22 21:15:00,1.7135149204624318
2025-06-22 21:20:00,1.810792742057941
2025-06-22 21:25:00,1.748808854291125
2025-06-22 21:30:00,1.789048464970669
2025-06-22 21:35:00,1.7850170008228834
2025-06-22 21:40:00,1.7437794109708078
2025-06-22 21:45:00,1.7313021278650256
2025-06-22 21:50:00,1.6893867582282218
2025-06-22 21:55:00,1.6977128808275468
2025-06-22 22:00:00,1.7436378917691204
2025-06-22 22:05:00,1.760334181104148
2025-06-22 22:10:00,1.7828492806742404
2025-06-22 22:15:00,1.8314746301777558
2025-06-22 22:20:00,1.7005510635655994
2025-06-22 22:25:00,1.7415684459914873
2025-06-22 22:30:00,1.8014850242753997
2025-06-22 22:35:00,1.7129929180355488
2025-06-22 22:40:00,1.7391632593434163
2025-06-22 22:45:00,1.7402425118228262
2025-06-22 22:50:00,1.7385272031021786
2025-06-22 22:55:00,1.6921436759360977
2025-06-22 23:00:00,1.763214800205732
2025-06-22 23:05:00,1.7458665441870864
2025-06-22 23:10:00,1.846940178752706
2025-06-22 23:15:00,1.7415202334737168
2025-06-22 23:20:00,1.7235367502733394
2025-06-22 23:25:00,1.818846151779622
2025-06-22 23:30:00,1.7806991296093266
2025-06-22 23:35:00,1.7536142981587135
2025-06-22 23:40:00,1.7459606729345483
2025-06-22 23:45:00,1.6994160693018616
2025-06-22 23:50:00,1.7922443717193062
2025-06-22 23:55:00,1.7036971377055954
2025-06-23 00:00:00,1.8688080980728414
2025-06-23 00:05:00,1.9210516153850108
2025-06-23 00:10:00,1.8954621079521976
2025-06-23 00:15:00,1.9191180493735978
2025-06-23 00:20:00,1.8999241196542327
2025-06-23 00:25:00,1.916372426655403
2025-06-23 00:30:00,1.9216206929634554
2025-06-23 00:35:00,1.9021896074020954
2025-06-23 00:40:00,1.8657144631588733
2025-06-23 00:45:00,1.8715106828339414
2025-06-23 00:50:00,1.8919855596326685
2025-06-23 00:55:00,1.9663919293941725
2025-06-23 01:00:00,1.8983961010841532
2025-06-23 01:05:00,1.9335348813709834
2025-06-23 01:10:00,1.90599851519943
2025-06-23 01:15:00,1.833803789528493
2025-06-23 01:20:00,1.9429356125860395
2025-06-23 01:25:00,1.902323644307873
2025-06-23 01:30:00,1.9035250155242427
2025-06-23 01:35:00,1.882545208038663
2025-06-23 01:40:00,1.9603013040902544
2025-06-23 01:45:00,1.9253651225503117
2025-06-23 01:50:00,1.8826196614666104
2025-06-23 01:55:00,1.9541282212900473
2025-06-23 02:00:00,1.968069825587851
2025-06-23 02:05:00,1.99021868741043
2025-06-23 02:10:00,1.9644101837005286
2025-06-23 02:15:00,2.0163701263946705
2025-06-23 02:20:00,1.9910598905242483
2025-06-23 02:25:00,1.9468063134484734
2025-06-23 02:30:00,1.9525708905714811
2025-06-23 02:35:00,1.9283210171379268
2025-06-23 02:40:00,2.0103532396636647
2025-06-23 02:45:00,1.9299051182926834
2025-06-23 02:50:00,1.9525828385045967
2025-06-23 02:55:00,2.021022187836984
2025-06-23 03:00:00,2.0296512110210774
2025-06-23 03:05:00,2.068761599530202
2025-06-23 03:10:00,2.018436198734609
2025-06-23 03:15:00,2.0102197129114843
2025-06-23 03:20:00,2.0577778821119814
2025-06-23 03:25:00,2.018565641038568
2025-06-23 03:30:00,2.037199743685868
2025-06-23 03:35:00,2.064068163756994
2025-06-23 03:40:00,2.0256984097383777
2025-06-23 03:45:00,2.0422837913931233
2025-06-23 03:50:00,2.100795200826889
2025-06-23 03:55:00,2.034219847975095
2025-06-23 04:00:00,2.092817374579256
2025-06-23 04:05:00,2.060626969753246
2025-06-23 04:10:00,2.0947330701958826
2025-06-23 04:15:00,2.1164364065777077
2025-06-23 04:20:00,2.1129050119771002
2025-06-23 04:25:00,2.1623680074343157
2025-06-23 04:30:00,2.1161302102497217
2025-06-23 04:35:00,2.1477730416714667
2025-06-23 04:40:00,2.09538880337767
2025-06-23 04:45:00,2.1364398920939336
2025-06-23 04:50:00,2.1504220292283307
2025-06-23 04:55:00,2.152204322065331
2025-06-23 05:00:00,2.1723129894642716
2025-06-23 05:05:00,2.154210508770925
2025-06-23 05:10:00,2.2176411437803303
2025-06-23 05:15:00,2.1674448779968456
2025-06-23 05:20:00,2.1975523549415756
2025-06-23 05:25:00,2.1972375438684306
2025-06-23 05:30:00,2.2417173180481242
2025-06-23 05:35:00,2.1918829040083616
2025-06-23 05:40:00,2.202697360174983
2025-06-23 05:45:00,2.1830294974006845
2025-06-23 05:50:00,2.2045769902772525
2025-06-23 05:55:00,2.2191853774439343
2025-06-23 06:00:00,2.2702403060643106
2025-06-23 06:05:00,2.2687061087955684
2025-06-23 06:10:00,2.2790439005698735
2025-06-23 06:15:00,2.2636536720673788
2025-06-23 06:20:00,2.2631054267808115
2025-06-23 06:25:00,2.245643171271356
2025-06-23 06:30:00,2.2377180455112367
2025-06-23 06:35:00,2.28909377727422
2025-06-23 06:40:00,2.290009339593333
2025-06-23 06:45:00,2.305197116576818
2025-06-23 06:50:00,2.2986065066626113
2025-06-23 06:55:00,2.2586432683174142
2025-06-23 07:00:00,2.2676678221384017
2025-06-23 07:05:00,2.2835172299146422
2025-06-23 07:10:00,2.2674462096092536
2025-06-23 07:15:00,2.300351831644693
2025-06-23 07:20:00,2.2539902392283193
2025-06-23 07:25:00,2.280629646212639
2025-06-23 07:30:00,2.282655815350176
2025-06-23 07:35:00,2.2636234559635264
2025-06-23 07:40:00,2.2799071456875075
2025-06-23 07:45:00,2.27546682358322
2025-06-23 07:50:00,2.2968061822098105
2025-06-23 07:55:00,2.283352677659598
2025-06-23 08:00:00,2.2878864168789614
2025-06-23 08:05:00,2.2842180263417067
2025-06-23 08:10:00,2.309899314374845
2025-06-23 08:15:00,2.302146524251667
2025-06-23 08:20:00,2.2917202139911383
2025-06-23 08:25:00,2.284885271869956
2025-06-23 08:30:00,2.287611399602892
2025-06-23 08:35:00,2.2805593492203364
2025-06-23 08:40:00,2.2654565543682432
2025-06-23 08:45:00,2.266103905264954
2025-06-23 08:50:00,2.2844017634183733
2025-06-23 08:55:00,2.2732888802456044
2025-06-23 09:00:00,2.26051528799355
2025-06-23 09:05:00,2.233509026672777
2025-06-23 09:10:00,2.2936434178413934
2025-06-23 09:15:00,2.285108361595869
2025-06-23 09:20:00,2.282211521540401
2025-06-23 09:25:00,2.274191477989248
2025-06-23 09:30:00,2.266101704458143
2025-06-23 09:35:00,2.2906973408560143
2025-06-23 09:40:00,2.3025733271902133
2025-06-23 09:45:00,2.2595893534238174
2025-06-23 09:50:00,2.268080275388041
2025-06-23 09:55:00,2.2563070979557547
2025-06-23 10:00:00,2.2239767552356704
2025-06-23 10:05:00,2.2281994665284106
2025-06-23 10:10:00,2.21328007989733
2025-06-23 10:15:00,2.2626550640043104
2025-06-23 10:20:00,2.2876707711354074
2025-06-23 10:25:00,2.2874563052023817
2025-06-23 10:30:00,2.2524356454037897
2025-06-23 10:35:00,2.2472679799704802
2025-06-23 10:40:00,2.2578981771674793
2025-06-23 10:45:00,2.2469468959220835
2025-06-23 10:50:00,2.25729476600145
2025-06-23 10:55:00,2.2446533737327727
2025-06-23 11:00:00,2.2594741554246065
2025-06-23 11:05:00,2.2463806670830997
2025-06-23 11:10:00,2.1779589119750935
2025-06-23 11:15:00,2.2285325645222307
2025-06-23 11:20:00,2.2270827468794
2025-06-23 11:25:00,2.211420853800473
2025-06-23 11:30:00,2.221426203590988
2025-06-23 11:35:00,2.230069303912696
2025-06-23 11:40:00,2.261707224865124
2025-06-23 11:45:00,2.249284332087794
2025-06-23 11:50:00,2.258882408716891
2025-06-23 11:55:00,2.2336600488055143
2025-06-23 12:00:00,2.1838604651861573
2025-06-23 12:05:00,2.1971895669734653
2025-06-23 12:10:00,2.1452231551675336
2025-06-23 12:15:00,2.1717350129252324
2025-06-23 12:20:00,2.1713604815505163
2025-06-23 12:25:00,2.1841861322405114
2025-06-23 12:30:00,2.1500327719265653
2025-06-23 12:35:00,2.213427560490538
2025-06-23 12:40:00,2.2217439785232136
2025-06-23 12:45:00,2.2104836356293394
2025-06-23 12:50:00,2.130746548771036
2025-06-23 12:55:00,2.1303040966166393
2025-06-23 13:00:00,2.140292634443233
2025-06-23 13:05:00,2.0884057997218974
2025-06-23 13:10:00,2.126397256944763
2025-06-23 13:15:00,2.1322468049010346
2025-06-23 13:20:00,2.1417153254932937
2025-06-23 13:25:00,2.121439200315289
2025-06-23 13:30:00,2.139026118915941
2025-06-23 13:35:00,2.1188059034454736
2025-06-23 13:40:00,2.132360018654295
2025-06-23 13:45:00,2.0960429660113498
2025-06-23 13:50:00,2.150282832963721
2025-06-23 13:55:00,2.1006470129316814
2025-06-23 14:00:00,2.0246089495922264
2025-06-23 14:05:00,2.0441662708257957
2025-06-23 14:10:00,2.0171001196350664
2025-06-23 14:15:00,2.0100699551544574
2025-06-23 14:20:00,2.0097537427862573
2025-06-23 14:25:00,2.0946819669109273
2025-06-23 14:30:00,2.004547758700126
2025-06-23 14:35:00,1.9649777246895905
2025-06-23 14:40:00,2.065755520556047
2025-06-23 14:45:00,2.054491771835033
2025-06-23 14:50:00,2.0351571291219126
2025-06-23 14:55:00,2.003238909947213
2025-06-23 15:00:00,1.9970992068305728
2025-06-23 15:05:00,1.9690796949405753
2025-06-23 15:10:00,1.9900905787444731
2025-06-23 15:15:00,2.001646521205412
2025-06-23 15:20:00,1.9686720084959828
2025-06-23 15:25:00,1.9965815002623715
2025-06-23 15:30:00,1.927920362290928
2025-06-23 15:35:00,1.9017719586424222
2025-06-23 15:40:00,1.9549137448677851
2025-06-23 15:45:00,1.9544117971181871
2025-06-23 15:50:00,1.922599473923099
2025-06-23 15:55:00,1.89463235357536
2025-06-23 16:00:00,1.8884548214699077
2025-06-23 16:05:00,1.8386761794436255
2025-06-23 16:10:00,1.8513868921279646
2025-06-23 16:15:00,1.8702246745434037
2025-06-23 16:20:00,1.8566734812010581
2025-06-23 16:25:00,1.8404312007479218
2025-06-23 16:30:00,1.8437262577360083
2025-06-23 16:35:00,1.8464081426264805
2025-06-23 16:40:00,1.8558843712962334
2025-06-23 16:45:00,1.8410151353373623
2025-06-23 16:50:00,1.852509058056384
2025-06-23 16:55:00,1.856829991717883
2025-06-23 17:00:00,1.8255693052474558
2025-06-23 17:05:00,1.802947752199364
2025-06-23 17:10:00,1.8246157304841324
2025-06-23 17:15:00,1.8167801273498712
2025-06-23 17:20:00,1.815977661814149
2025-06-23 17:25:00,1.7986747736394033
2025-06-23 17:30:00,1.7545374740547157
2025-06-23 17:35:00,1.7736352258284525
2025-06-23 17:40:00,1.7884303406043305
2025-06-23 17:45:00,1.7916036066301064
2025-06-23 17:50:00,1.7795987531866784
2025-06-23 17:55:00,1.7711527646519332
2025-06-23 18:00:00,1.748616465170595
2025-06-23 18:05:00,1.8081491316705833
2025-06-23 18:10:00,1.7585580937049126
2025-06-23 18:15:00,1.7342021949224755
2025-06-23 18:20:00,1.8139263927471674
2025-06-23 18:25:00,1.772663872937449
2025-06-23 18:30:00,1.7278120954380853
2025-06-23 18:35:00,1.7775216267980483
2025-06-23 18:40:00,1.7211190596662194
2025-06-23 18:45:00,1.7838451306155287
2025-06-23 18:50:00,1.7000745965631574
2025-06-23 18:55:00,1.7211448195978412
2025-06-23 19:00:00,1.75334641037118
2025-06-23 19:05:00,1.7263864768787451
2025-06-23 19:10:00,1.7765734719378996
2025-06-23 19:15:00,1.759335259883605
2025-06-23 19:20:00,1.7234001446899803
2025-06-23 19:25:00,1.7935604399836873
2025-06-23 19:30:00,1.7915429532777774
2025-06-23 19:35:00,1.7170169841344392
2025-06-23 19:40:00,1.716784366361897
2025-06-23 19:45:00,1.8274441251798317
2025-06-23 19:50:00,1.7018491534230116
2025-06-23 19:55:00,1.7332751327865195
2025-06-23 20:00:00,1.7384055494565618
2025-06-23 20:05:00,1.741866629693786
2025-06-23 20:10:00,1.7312510241369234
2025-06-23 20:15:00,1.739988400142265
2025-06-23 20:20:00,1.725495438133388
2025-06-23 20:25:00,1.7276871219192458
2025-06-23 20:30:00,1.721217992398278
2025-06-23 20:35:00,1.7388878216535548
2025-06-23 20:40:00,1.7314862623195375
2025-06-23 20:45:00,1.701176254976299
2025-06-23 20:50:00,1.7221187506466016
2025-06-23 20:55:00,1.7215678388670097
2025-06-23 21:00:00,1.7152288003342984
2025-06-23 21:05:00,1.7268303109503371
2025-06-23 21:10:00,1.7421600867158527
2025-06-23 21:15:00,1.7397853100193166
2025-06-23 21:20:00,1.722539363189838
2025-06-23 21:25:00,1.7700370485278805
2025-06-23 21:30:00,1.6941955406237452
2025-06-23 21:35:00,1.7376111618565138
2025-06-23 21:40:00,1.7639713188534982
2025-06-23 21:45:00,1.7705907678873034
2025-06-23 21:50:00,1.7250722974738273
2025-06-23 21:55:00,1.7055767600313432
2025-06-23 22:00:00,1.7398404798504803
2025-06-23 22:05:00,1.7532114260534888
2025-06-23 22:10:00,1.7399573014567111
2025-06-23 22:15:00,1.7417742889530854
2025-06-23 22:20:00,1.7451184101384754
2025-06-23 22:25:00,1.7654073236694048
2025-06-23 22:30:00,1.7348527534624114
2025-06-23 22:35:00,1.7371826286526142
2025-06-23 22:40:00,1.7737977302830525
2025-06-23 22:45:00,1.7402164049884146
2025-06-23 22:50:00,1.7161325459671688
2025-06-23 22:55:00,1.7121897908576675
2025-06-23 23:00:00,1.7283569310574776
2025-06-23 23:05:00,1.7885276150107559
2025-06-23 23:10:00,1.7871804426916098
2025-06-23 23:15:00,1.7727180198048935
2025-06-23 23:20:00,1.781601211027734
2025-06-23 23:25:00,1.7679226850971879
2025-06-23 23:30:00,1.7417554812710088
2025-06-23 23:35:00,1.7309157765446388
2025-06-23 23:40:00,1.7594644628362817
2025-06-23 23:45:00,1.8020541947214783
2025-06-23 23:50:00,1.7599558203887398
2025-06-23 23:55:00,1.7190503405254196
2025-06-24 00:00:00,1.8466159775207784
2025-06-24 00:05:00,1.8551748930491954
2025-06-24 00:10:00,1.8549602749901615
2025-06-24 00:15:00,1.8748012807273575
2025-06-24 00:20:00,1.8482493960290496
2025-06-24 00:25:00,1.880589612629524
2025-06-24 00:30:00,1.859680976624344
2025-06-24 00:35:00,1.8690003106796833
2025-06-24 00:40:00,1.8831926907742298
2025-06-24 00:45:00,1.8678455932267026
2025-06-24 00:50:00,1.87700762765635
2025-06-24 00:55:00,1.949423202282356
2025-06-24 01:00:00,1.8288689518837138
2025-06-24 01:05:00,1.9135945050892451
2025-06-24 01:10:00,1.8878130188691689
2025-06-24 01:15:00,1.8683122562490742
2025-06-24 01:20:00,1.9280691412954511
2025-06-24 01:25:00,1.8900033642327998
2025-06-24 01:30:00,1.9155681340011104
2025-06-24 01:35:00,1.901096200050687
2025-06-24 01:40:00,1.8908448459985185
2025-06-24 01:45:00,1.8993585431512028
2025-06-24 01:50:00,1.9075404826564908
2025-06-24 01:55:00,1.9594381606745077
2025-06-24 02:00:00,1.9445001224857392
2025-06-24 02:05:00,1.9555030349446096
2025-06-24 02:10:00,1.9295806863631872
2025-06-24 02:15:00,1.9828582493347338
2025-06-24 02:20:00,1.9777538688338796
2025-06-24 02:25:00,1.9742147940926995
2025-06-24 02:30:00,1.9986812821883024
2025-06-24 02:35:00,1.9538374079384029
2025-06-24 02:40:00,1.963125976213042
2025-06-24 02:45:00,1.9615289586247147
2025-06-24 02:50:00,1.9626215719869575
2025-06-24 02:55:00,2.0040999523480925
2025-06-24 03:00:00,2.0406358702160237
2025-06-24 03:05:00,2.002325666417104
2025-06-24 03:10:00,2.0376435570948996
2025-06-24 03:15:00,2.034102101980088
2025-06-24 03:20:00,2.0650269990095644
2025-06-24 03:25:00,2.0195227724243714
2025-06-24 03:30:00,2.055444248614457
2025-06-24 03:35:00,2.0750821484371698
2025-06-24 03:40:00,2.048063741388158
2025-06-24 03:45:00,2.0966389358938557
2025-06-24 03:50:00,2.0999528679869233
2025-06-24 03:55:00,2.111376153288205
2025-06-24 04:00:00,2.174223252646273
2025-06-24 04:05:00,2.071685061870556
2025-06-24 04:10:00,2.1274147737633875
2025-06-24 04:15:00,2.118385716880442
2025-06-24 04:20:00,2.1219739778889655
2025-06-24 04:25:00,2.1473929364809465
2025-06-24 04:30:00,2.1495517266681787
2025-06-24 04:35:00,2.13881064886446
2025-06-24 04:40:00,2.1342033480554043
2025-06-24 04:45:00,2.1416302645609746
2025-06-24 04:50:00,2.1269046590043317
2025-06-24 04:55:00,2.1582386963023916
2025-06-24 05:00:00,2.2247719910054093
2025-06-24 05:05:00,2.2078554043245138
2025-06-24 05:10:00,2.1808495807462727
2025-06-24 05:15:00,2.2297007373718456
2025-06-24 05:20:00,2.2041815835334946
2025-06-24 05:25:00,2.2215133235925517
2025-06-24 05:30:00,2.201407888879423
2025-06-24 05:35:00,2.171439464524719
2025-06-24 05:40:00,2.1778152820042065
2025-06-24 05:45:00,2.2387145407356455
2025-06-24 05:50:00,2.2129688474244693
2025-06-24 05:55:00,2.181586529101039
2025-06-24 06:00:00,2.2678456298558145
2025-06-24 06:05:00,2.2634575621952266
2025-06-24 06:10:00,2.254785763820606
2025-06-24 06:15:00,2.228598749963497
2025-06-24 06:20:00,2.2219002590104258
2025-06-24 06:25:00,2.253995212515863
2025-06-24 06:30:00,2.2659234402561097
2025-06-24 06:35:00,2.273025795554249
2025-06-24 06:40:00,2.2931121189817607
2025-06-24 06:45:00,2.287205096923498
2025-06-24 06:50:00,2.2751012957861465
2025-06-24 06:55:00,2.25873196002884
2025-06-24 07:00:00,2.2749746363321273
2025-06-24 07:05:00,2.2799972180127868
2025-06-24 07:10:00,2.293798138320191
2025-06-24 07:15:00,2.2562572691141756
2025-06-24 07:20:00,2.30181772145183
2025-06-24 07:25:00,2.2810535544462818
2025-06-24 07:30:00,2.275204519497515
2025-06-24 07:35:00,2.2827110089878184
2025-06-24 07:40:00,2.283013739773201
2025-06-24 07:45:00,2.271774435048674
2025-06-24 07:50:00,2.274630154911837
2025-06-24 07:55:00,2.282181565599051
2025-06-24 08:00:00,2.2730455755856265
2025-06-24 08:05:00,2.2600800525563063
2025-06-24 08:10:00,2.2545914492320227
2025-06-24 08:15:00,2.2993942201745186
2025-06-24 08:20:00,2.2674868727740973
2025-06-24 08:25:00,2.2565597141612157
2025-06-24 08:30:00,2.2714144334316275
2025-06-24 08:35:00,2.2730756284409175
2025-06-24 08:40:00,2.2759081096203184
2025-06-24 08:45:00,2.2654391942664187
2025-06-24 08:50:00,2.2482389101774065
2025-06-24 08:55:00,2.2568892582821034
2025-06-24 09:00:00,2.2467778478842972
2025-06-24 09:05:00,2.2841662990116443
2025-06-24 09:10:00,2.2670397191109246
2025-06-24 09:15:00,2.286835942620039
2025-06-24 09:20:00,2.267696836863277
2025-06-24 09:25:00,2.260205605720571
2025-06-24 09:30:00,2.2630439861811653
2025-06-24 09:35:00,2.2716171788076744
2025-06-24 09:40:00,2.2639459410970737
2025-06-24 09:45:00,2.247895160537465
2025-06-24 09:50:00,2.2664003780796915
2025-06-24 09:55:00,2.2684106555424246
2025-06-24 10:00:00,2.2583564759235366
2025-06-24 10:05:00,2.2792718256134936
2025-06-24 10:10:00,2.27927505784838
2025-06-24 10:15:00,2.2748542274412
2025-06-24 10:20:00,2.25273148204239
2025-06-24 10:25:00,2.241220266994374
2025-06-24 10:30:00,2.1932100861691706
2025-06-24 10:35:00,2.253934401860739
2025-06-24 10:40:00,2.2508567228522938
2025-06-24 10:45:00,2.2611425765403697
2025-06-24 10:50:00,2.2202888646647803
2025-06-24 10:55:00,2.2216707763816985
2025-06-24 11:00:00,2.237898942945969
2025-06-24 11:05:00,2.2311571639703067
2025-06-24 11:10:00,2.202008432467647
2025-06-24 11:15:00,2.220058452965224
2025-06-24 11:20:00,2.224150913612188
2025-06-24 11:25:00,2.2333553630778167
2025-06-24 11:30:00,2.1939425018850556
2025-06-24 11:35:00,2.2210489753909677
2025-06-24 11:40:00,2.229735770244763
2025-06-24 11:45:00,2.1963215520890147
2025-06-24 11:50:00,2.238799696543429
2025-06-24 11:55:00,2.226007050834933
2025-06-24 12:00:00,2.1802553378515626
2025-06-24 12:05:00,2.2137072061336216
2025-06-24 12:10:00,2.135435118821098
2025-06-24 12:15:00,2.1898786667948613
2025-06-24 12:20:00,2.1985614188216345
2025-06-24 12:25:00,2.1256798818590417
2025-06-24 12:30:00,2.1526458395535184
2025-06-24 12:35:00,2.183508889836241
2025-06-24 12:40:00,2.174269355796773
2025-06-24 12:45:00,2.1988068472992612
2025-06-24 12:50:00,2.139647906421793
2025-06-24 12:55:00,2.1859421714915173
2025-06-24 13:00:00,2.119120349363277
2025-06-24 13:05:00,2.1201908110134013
2025-06-24 13:10:00,2.131066207979309
2025-06-24 13:15:00,2.1006093747099945
2025-06-24 13:20:00,2.1395907775349197
2025-06-24 13:25:00,2.088745814237408
2025-06-24 13:30:00,2.0895213619884507
2025-06-24 13:35:00,2.102758902560464
2025-06-24 13:40:00,2.086837805672117
2025-06-24 13:45:00,2.101468896034543
2025-06-24 13:50:00,2.08318421541001
2025-06-24 13:55:00,2.1002788946455486
2025-06-24 14:00:00,2.05377743618738
2025-06-24 14:05:00,2.0870477596258445
2025-06-24 14:10:00,2.03697803024908
2025-06-24 14:15:00,2.0954230912170795
2025-06-24 14:20:00,2.055244126888125
2025-06-24 14:25:00,2.0481943971019674
2025-06-24 14:30:00,2.056011005045646
2025-06-24 14:35:00,2.051115138668167
2025-06-24 14:40:00,2.0514723403192305
2025-06-24 14:45:00,2.021077884811107
2025-06-24 14:50:00,2.0864991396199595
2025-06-24 14:55:00,2.0160541469925013
2025-06-24 15:00:00,1.9673234681144474
2025-06-24 15:05:00,1.9749555208225333
2025-06-24 15:10:00,1.976303070733609
2025-06-24 15:15:00,2.0303969408221114
2025-06-24 15:20:00,2.004066796284374
2025-06-24 15:25:00,1.9906937534514584
2025-06-24 15:30:00,1.995127221879551
2025-06-24 15:35:00,1.9412710030607572
2025-06-24 15:40:00,1.930248150766833
2025-06-24 15:45:00,1.9628006740331652
2025-06-24 15:50:00,1.9580397996600984
2025-06-24 15:55:00,1.9329562328173033
2025-06-24 16:00:00,1.8989388016487407
2025-06-24 16:05:00,1.8876632104265967
2025-06-24 16:10:00,1.8661341541290022
2025-06-24 16:15:00,1.9041049083080521
2025-06-24 16:20:00,1.880631925796395
2025-06-24 16:25:00,1.8441395633272675
2025-06-24 16:30:00,1.8537615341489722
2025-06-24 16:35:00,1.8334394832255405
2025-06-24 16:40:00,1.8841282706416314
2025-06-24 16:45:00,1.8420881381526089
2025-06-24 16:50:00,1.870532787380725
2025-06-24 16:55:00,1.8506848720508298
2025-06-24 17:00:00,1.806657347506672
2025-06-24 17:05:00,1.8034424707509997
2025-06-24 17:10:00,1.8162465231019302
2025-06-24 17:15:00,1.7903124464187798
2025-06-24 17:20:00,1.7936559607643443
2025-06-24 17:25:00,1.8160521501957998
2025-06-24 17:30:00,1.7822864164298988
2025-06-24 17:35:00,1.7861572080214456
2025-06-24 17:40:00,1.7728817537589325
2025-06-24 17:45:00,1.7897895988710122
2025-06-24 17:50:00,1.7779468700613732
2025-06-24 17:55:00,1.7603558600880294
2025-06-24 18:00:00,1.731696494658205
2025-06-24 18:05:00,1.7878499354272972
2025-06-24 18:10:00,1.735108553566668
2025-06-24 18:15:00,1.768367934935598
2025-06-24 18:20:00,1.7205691873562372
2025-06-24 18:25:00,1.7323214227955424
2025-06-24 18:30:00,1.7206639488087518
2025-06-24 18:35:00,1.6971934007085707
2025-06-24 18:40:00,1.73150016222817
2025-06-24 18:45:00,1.7789141575625502
2025-06-24 18:50:00,1.7059761716516584
2025-06-24 18:55:00,1.7140376809641131
2025-06-24 19:00:00,1.7550521760953621
2025-06-24 19:05:00,1.7207026971622534
2025-06-24 19:10:00,1.722124986563449
2025-06-24 19:15:00,1.7506179613759145
2025-06-24 19:20:00,1.7210048724350364
2025-06-24 19:25:00,1.7469541377223348
2025-06-24 19:30:00,1.7264354884874331
2025-06-24 19:35:00,1.7248979102666413
2025-06-24 19:40:00,1.7400574767516064
2025-06-24 19:45:00,1.7469270715757057
2025-06-24 19:50:00,1.6868725327488783
2025-06-24 19:55:00,1.7220558697097372
2025-06-24 20:00:00,1.721147382189716
2025-06-24 20:05:00,1.7225222998598015
2025-06-24 20:10:00,1.7230743397573458
2025-06-24 20:15:00,1.732417895000053
2025-06-24 20:20:00,1.7156392140733294
2025-06-24 20:25:00,1.7135020509277297
2025-06-24 20:30:00,1.7337318683595817
2025-06-24 20:35:00,1.7002996554166774
2025-06-24 20:40:00,1.7309157266597475
2025-06-24 20:45:00,1.7234526564960744
2025-06-24 20:50:00,1.7146188174038037
2025-06-24 20:55:00,1.7394245559766899
2025-06-24 21:00:00,1.7045627875703213
2025-06-24 21:05:00,1.7535238934851272
2025-06-24 21:10:00,1.7505265522843951
2025-06-24 21:15:00,1.695343371619048
2025-06-24 21:20:00,1.7276573756181217
2025-06-24 21:25:00,1.7235444719287594
2025-06-24 21:30:00,1.7530293781329005
2025-06-24 21:35:00,1.7474923006580885
2025-06-24 21:40:00,1.72411226238072
2025-06-24 21:45:00,1.7154059267312975
2025-06-24 21:50:00,1.739504012485424
2025-06-24 21:55:00,1.696722728468538
2025-06-24 22:00:00,1.7325725278851483
2025-06-24 22:05:00,1.776222156796897
2025-06-24 22:10:00,1.7120082066843723
2025-06-24 22:15:00,1.7429866474278168
2025-06-24 22:20:00,1.72676149084984
2025-06-24 22:25:00,1.7319459913482378
2025-06-24 22:30:00,1.7172003610750213
2025-06-24 22:35:00,1.7307893152447162
2025-06-24 22:40:00,1.7212619579594441
2025-06-24 22:45:00,1.7253591128131216
2025-06-24 22:50:00,1.7341776137543392
2025-06-24 22:55:00,1.713336584223146
2025-06-24 23:00:00,1.726072761860395
2025-06-24 23:05:00,1.7577163051963027
2025-06-24 23:10:00,1.7376623343236899
2025-06-24 23:15:00,1.7366136983250962
2025-06-24 23:20:00,1.7587501015230342
2025-06-24 23:25:00,1.73059515709731
2025-06-24 23:30:00,1.7278660493175786
2025-06-24 23:35:00,1.7230712092457496
2025-06-24 23:40:00,1.7331819139318627
2025-06-24 23:45:00,1.7287274878351868
2025-06-24 23:50:00,1.7413057654570991
2025-06-24 23:55:00,1.721902422777922
2025-06-25 00:00:00,1.8506863787124899
2025-06-25 00:05:00,1.846680754331544
2025-06-25 00:10:00,1.8389642956810794
2025-06-25 00:15:00,1.8729133632087418
2025-06-25 00:20:00,1.8755687081246917
2025-06-25 00:25:00,1.8626972519422682
2025-06-25 00:30:00,1.8670153281639559
2025-06-25 00:35:00,1.8689939925873371
2025-06-25 00:40:00,1.8644501294338978
2025-06-25 00:45:00,1.874319492114337
2025-06-25 00:50:00,1.8660131932996606
2025-06-25 00:55:00,1.9377009952129591
2025-06-25 01:00:00,1.8842289114860697
2025-06-25 01:05:00,1.874048015373669
2025-06-25 01:10:00,1.8835707178819252
2025-06-25 01:15:00,1.8954577612005512
2025-06-25 01:20:00,1.8921634224920454
2025-06-25 01:25:00,1.8990763832605098
2025-06-25 01:30:00,1.9117016999038203
2025-06-25 01:35:00,1.897706364693021
2025-06-25 01:40:00,1.8940725567223955
2025-06-25 01:45:00,1.9202660643990666
2025-06-25 01:50:00,1.8878403130931973
2025-06-25 01:55:00,1.9554580009149862
2025-06-25 02:00:00,1.9377413133960786
2025-06-25 02:05:00,1.956074285860137
2025-06-25 02:10:00,1.9725236871566443
2025-06-25 02:15:00,1.960990854887407
2025-06-25 02:20:00,1.9620933444655935
2025-06-25 02:25:00,1.968983413630053
2025-06-25 02:30:00,1.9824580899733366
2025-06-25 02:35:00,1.9817692173637569
2025-06-25 02:40:00,1.969272764810149
2025-06-25 02:45:00,1.9786449092091263
2025-06-25 02:50:00,1.9748281263997993
2025-06-25 02:55:00,2.0132918230374846
2025-06-25 03:00:00,1.9982376558758137
2025-06-25 03:05:00,2.0019286994829
2025-06-25 03:10:00,2.0049324088328757
2025-06-25 03:15:00,2.0449170071467138
2025-06-25 03:20:00,2.0381317143568545
2025-06-25 03:25:00,2.051497326486261
2025-06-25 03:30:00,2.0400455078460245
2025-06-25 03:35:00,2.0160007132336175
2025-06-25 03:40:00,2.054526553811864
2025-06-25 03:45:00,2.069612282604061
2025-06-25 03:50:00,2.0743727002165375
2025-06-25 03:55:00,2.0659474003890352
2025-06-25 04:00:00,2.0754774297397787
2025-06-25 04:05:00,2.0509726862296866
2025-06-25 04:10:00,2.076700519384115
2025-06-25 04:15:00,2.0745448317180886
2025-06-25 04:20:00,2.072126375044727
2025-06-25 04:25:00,2.1345822293886614
2025-06-25 04:30:00,2.1112071050098535
2025-06-25 04:35:00,2.1082265519558905
2025-06-25 04:40:00,2.1043135260491788
2025-06-25 04:45:00,2.145042511265076
2025-06-25 04:50:00,2.1447660252763043
2025-06-25 04:55:00,2.13462381287954
2025-06-25 05:00:00,2.1971333172230607
2025-06-25 05:05:00,2.1761097320985616
2025-06-25 05:10:00,2.1821801948362385
2025-06-25 05:15:00,2.1873790553955272
2025-06-25 05:20:00,2.188190849433153
2025-06-25 05:25:00,2.1949787662500224
2025-06-25 05:30:00,2.1892304215332317
2025-06-25 05:35:00,2.1901262359175413
2025-06-25 05:40:00,2.1928106185367993
2025-06-25 05:45:00,2.193021620050831
2025-06-25 05:50:00,2.2042174550599674
2025-06-25 05:55:00,2.1942959082972058
2025-06-25 06:00:00,2.2604625217167764
2025-06-25 06:05:00,2.2606613890995235
2025-06-25 06:10:00,2.269798504909473
2025-06-25 06:15:00,2.2691556576173055
2025-06-25 06:20:00,2.2692013130112803
2025-06-25 06:25:00,2.264756235083612
2025-06-25 06:30:00,2.2607542870426087
2025-06-25 06:35:00,2.2601087537756848
2025-06-25 06:40:00,2.2653964359983623
2025-06-25 06:45:00,2.280951616012243
2025-06-25 06:50:00,2.275966516809706
2025-06-25 06:55:00,2.2627335774604806
2025-06-25 07:00:00,2.2712736647287337
2025-06-25 07:05:00,2.269147265315033
2025-06-25 07:10:00,2.2761203543541266
2025-06-25 07:15:00,2.2708749506174715
2025-06-25 07:20:00,2.265888995255541
2025-06-25 07:25:00,2.2823462599821704
2025-06-25 07:30:00,2.276733259426714
2025-06-25 07:35:00,2.273449400864039
2025-06-25 07:40:00,2.264219441601204
2025-06-25 07:45:00,2.26271047592697
2025-06-25 07:50:00,2.2666314500015585
2025-06-25 07:55:00,2.2704170392318637
2025-06-25 08:00:00,2.2631912588742007
2025-06-25 08:05:00,2.2635192405598463
2025-06-25 08:10:00,2.2626337847422766
2025-06-25 08:15:00,2.2658413351189766
2025-06-25 08:20:00,2.2779763365802497
2025-06-25 08:25:00,2.26060281642562
2025-06-25 08:30:00,2.267054234457018
2025-06-25 08:35:00,2.262546110313476
2025-06-25 08:40:00,2.2707787723095274
2025-06-25 08:45:00,2.2735399423285525
2025-06-25 08:50:00,2.262156356313881
2025-06-25 08:55:00,2.261291895763793
2025-06-25 09:00:00,2.2660277639609574
2025-06-25 09:05:00,2.2706150638126696
2025-06-25 09:10:00,2.2670423417152947
2025-06-25 09:15:00,2.265246663445234
2025-06-25 09:20:00,2.2779869827373003
2025-06-25 09:25:00,2.2596879989853416
2025-06-25 09:30:00,2.268407212118055
2025-06-25 09:35:00,2.270587448964535
2025-06-25 09:40:00,2.2640634814565708
2025-06-25 09:45:00,2.2644509466702774
2025-06-25 09:50:00,2.2752013615086466
2025-06-25 09:55:00,2.267190667673162
2025-06-25 10:00:00,2.2618652821521743
2025-06-25 10:05:00,2.270786985220427
2025-06-25 10:10:00,2.262126563127921
2025-06-25 10:15:00,2.2642286266263807
2025-06-25 10:20:00,2.252250830186921
2025-06-25 10:25:00,2.2563822581137587
2025-06-25 10:30:00,2.2628607361935846
2025-06-25 10:35:00,2.264803189626242
2025-06-25 10:40:00,2.2647984876838367
2025-06-25 10:45:00,2.2541817077049204
2025-06-25 10:50:00,2.264057270579087
2025-06-25 10:55:00,2.2628735599662932
2025-06-25 11:00:00,2.259179470060837
2025-06-25 11:05:00,2.2593806785271915
2025-06-25 11:10:00,2.228701061328121
2025-06-25 11:15:00,2.25676013219496
2025-06-25 11:20:00,2.257464187995733
2025-06-25 11:25:00,2.225189526743588
2025-06-25 11:30:00,2.229388907295822
2025-06-25 11:35:00,2.228930616778907
2025-06-25 11:40:00,2.2542475843621945
2025-06-25 11:45:00,2.2184932878525645
2025-06-25 11:50:00,2.223585968592379
2025-06-25 11:55:00,2.2255988782275113
2025-06-25 12:00:00,2.131836339133301
2025-06-25 12:05:00,2.1186559175288853
2025-06-25 12:10:00,2.1530122901467816
2025-06-25 12:15:00,2.1523124817973027
2025-06-25 12:20:00,2.1235568411849157
2025-06-25 12:25:00,2.1140944078447594
2025-06-25 12:30:00,2.1528453959042264
2025-06-25 12:35:00,2.112393872898985
2025-06-25 12:40:00,2.1122209205855915
2025-06-25 12:45:00,2.163790549005194
2025-06-25 12:50:00,2.127513831256998
2025-06-25 12:55:00,2.1175105556620495
2025-06-25 13:00:00,2.098608006910274
2025-06-25 13:05:00,2.0989667891017803
2025-06-25 13:10:00,2.095189457033264
2025-06-25 13:15:00,2.113080573745639
2025-06-25 13:20:00,2.0895722285694656
2025-06-25 13:25:00,2.108328324231915
2025-06-25 13:30:00,2.114001466434862
2025-06-25 13:35:00,2.110691565524331
2025-06-25 13:40:00,2.1128111256794413
2025-06-25 13:45:00,2.116438244942014
2025-06-25 13:50:00,2.0939323633744875
2025-06-25 13:55:00,2.114700119239665
2025-06-25 14:00:00,2.067139128615969
2025-06-25 14:05:00,2.0830752292608543
2025-06-25 14:10:00,2.08604767326971
2025-06-25 14:15:00,2.083036530777016
2025-06-25 14:20:00,2.0780398040731836
2025-06-25 14:25:00,2.0740430241924215
2025-06-25 14:30:00,2.0819645363109047
2025-06-25 14:35:00,2.081562383312332
2025-06-25 14:40:00,2.048346911165788
2025-06-25 14:45:00,2.0923605100094713
2025-06-25 14:50:00,2.0747331827412974
2025-06-25 14:55:00,2.0386394197815028
2025-06-25 15:00:00,2.0476474026695013
2025-06-25 15:05:00,1.9700071432132804
2025-06-25 15:10:00,2.012726396272244
2025-06-25 15:15:00,1.9790231014437545
2025-06-25 15:20:00,1.9779630613142811
2025-06-25 15:25:00,2.0189840252104916
2025-06-25 15:30:00,1.9523234575362893
2025-06-25 15:35:00,1.9302146990827909
2025-06-25 15:40:00,1.9466015195259883
2025-06-25 15:45:00,1.9499153419256212
2025-06-25 15:50:00,1.9664537105258821
2025-06-25 15:55:00,1.8875354669405333
2025-06-25 16:00:00,1.8784417179848003
2025-06-25 16:05:00,1.8644964347231665
2025-06-25 16:10:00,1.8790368907928205
2025-06-25 16:15:00,1.8688190778103104
2025-06-25 16:20:00,1.862889291976815
2025-06-25 16:25:00,1.8537675015978363
2025-06-25 16:30:00,1.8329063457792212
2025-06-25 16:35:00,1.8240368505122226
2025-06-25 16:40:00,1.8443986754573052
2025-06-25 16:45:00,1.828158294250021
2025-06-25 16:50:00,1.839019811687976
2025-06-25 16:55:00,1.8005158809619626
2025-06-25 17:00:00,1.793917212313801
2025-06-25 17:05:00,1.7997133657552722
2025-06-25 17:10:00,1.7922258512574478
2025-06-25 17:15:00,1.8122717512283502
2025-06-25 17:20:00,1.7889694859642344
2025-06-25 17:25:00,1.7835882420003042
2025-06-25 17:30:00,1.7635685314125038
2025-06-25 17:35:00,1.7758979373534158
2025-06-25 17:40:00,1.7697089985175385
2025-06-25 17:45:00,1.7672614273317055
2025-06-25 17:50:00,1.7681827947821374
2025-06-25 17:55:00,1.7394669354893355
2025-06-25 18:00:00,1.7356668792559833
2025-06-25 18:05:00,1.7439074839502464
2025-06-25 18:10:00,1.7198061339041923
2025-06-25 18:15:00,1.7332213408880517
2025-06-25 18:20:00,1.7106522857677973
2025-06-25 18:25:00,1.7275114471714579
2025-06-25 18:30:00,1.7370896776066644
2025-06-25 18:35:00,1.7089791463292983
2025-06-25 18:40:00,1.7689149514279991
2025-06-25 18:45:00,1.7342203299334609
2025-06-25 18:50:00,1.721509976545152
2025-06-25 18:55:00,1.7367906812235125
2025-06-25 19:00:00,1.7074194818509774
2025-06-25 19:05:00,1.7011626256748267
2025-06-25 19:10:00,1.730626635466342
2025-06-25 19:15:00,1.7698092264821157
2025-06-25 19:20:00,1.7315856505569847
2025-06-25 19:25:00,1.7179967707789754
2025-06-25 19:30:00,1.7147339046251284
2025-06-25 19:35:00,1.7079473029668366
2025-06-25 19:40:00,1.7473753774092602
2025-06-25 19:45:00,1.7291971931501076
2025-06-25 19:50:00,1.7101586369511488
2025-06-25 19:55:00,1.7160372310988974
2025-06-25 20:00:00,1.7278805612821233
2025-06-25 20:05:00,1.7279442959764397
2025-06-25 20:10:00,1.728496335873984
2025-06-25 20:15:00,1.728314472835136
2025-06-25 20:20:00,1.723295788322597
2025-06-25 20:25:00,1.721308352044673
2025-06-25 20:30:00,1.7204846168489616
2025-06-25 20:35:00,1.7161474575788478
2025-06-25 20:40:00,1.722207488058063
2025-06-25 20:45:00,1.7230934789066579
2025-06-25 20:50:00,1.720791235998164
2025-06-25 20:55:00,1.7221281225278984
2025-06-25 21:00:00,1.7266291423219082
2025-06-25 21:05:00,1.7325993253088576
2025-06-25 21:10:00,1.7292487669831866
2025-06-25 21:15:00,1.724715348471465
2025-06-25 21:20:00,1.7255089858018375
2025-06-25 21:25:00,1.7242643768283565
2025-06-25 21:30:00,1.7250550109911769
2025-06-25 21:35:00,1.7245478502796705
2025-06-25 21:40:00,1.7237530847913034
2025-06-25 21:45:00,1.721578345325658
2025-06-25 21:50:00,1.7222075790366325
2025-06-25 21:55:00,1.7176974837557084
2025-06-25 22:00:00,1.7349232158658001
2025-06-25 22:05:00,1.7432086937765723
2025-06-25 22:10:00,1.7313106940577243
2025-06-25 22:15:00,1.7365024965412812
2025-06-25 22:20:00,1.7292908735555286
2025-06-25 22:25:00,1.7315869329681108
2025-06-25 22:30:00,1.7278191669603362
2025-06-25 22:35:00,1.7304302568645893
2025-06-25 22:40:00,1.7274343765538045
2025-06-25 22:45:00,1.7293984003802603
2025-06-25 22:50:00,1.7284077649307918
2025-06-25 22:55:00,1.726788994921083
2025-06-25 23:00:00,1.740417096462751
2025-06-25 23:05:00,1.7447992634177383
2025-06-25 23:10:00,1.7431960295446371
2025-06-25 23:15:00,1.7441870644902573
2025-06-25 23:20:00,1.7385338749452754
2025-06-25 23:25:00,1.7341002678379716
2025-06-25 23:30:00,1.7326329903881352
2025-06-25 23:35:00,1.732512465768882
2025-06-25 23:40:00,1.7360436521368188
2025-06-25 23:45:00,1.733722476276654
2025-06-25 23:50:00,1.7340168326568062
2025-06-25 23:55:00,1.7309443281810593
2025-06-26 00:00:00,1.854681201214626
2025-06-26 00:05:00,1.8548290669002085
2025-06-26 00:10:00,1.8541445258217655
2025-06-26 00:15:00,1.870716336002321
2025-06-26 00:20:00,1.8730126225381438
2025-06-26 00:25:00,1.870315798428169
2025-06-26 00:30:00,1.8765585086296541
2025-06-26 00:35:00,1.8748447845184895
2025-06-26 00:40:00,1.8699107493603504
2025-06-26 00:45:00,1.8728403432495908
2025-06-26 00:50:00,1.8740741254590845
2025-06-26 00:55:00,1.926024206882881
2025-06-26 01:00:00,1.893463220682542
2025-06-26 01:05:00,1.8858028857884028
2025-06-26 01:10:00,1.8929167261827065
2025-06-26 01:15:00,1.910219805153493
2025-06-26 01:20:00,1.9035179881124678
2025-06-26 01:25:00,1.9088898111856196
2025-06-26 01:30:00,1.9100606648238643
2025-06-26 01:35:00,1.9148298254626743
2025-06-26 01:40:00,1.9092006924035478
2025-06-26 01:45:00,1.9134244048531681
2025-06-26 01:50:00,1.9140092555446744
2025-06-26 01:55:00,1.949319795386727
2025-06-26 02:00:00,1.9652676920276704
2025-06-26 02:05:00,1.96101205384262
2025-06-26 02:10:00,1.9655195453490881
2025-06-26 02:15:00,1.9880556551498583
2025-06-26 02:20:00,1.9838998229659597
2025-06-26 02:25:00,1.9887602347665276
2025-06-26 02:30:00,1.988550638343698
2025-06-26 02:35:00,1.9933407438911617
2025-06-26 02:40:00,1.9909708820663135
2025-06-26 02:45:00,1.9876393693150223
2025-06-26 02:50:00,1.9984556460073433
2025-06-26 02:55:00,2.0043045154889616
2025-06-26 03:00:00,2.0309405786968586
2025-06-26 03:05:00,2.0282704954042257
2025-06-26 03:10:00,2.0270155720942893
2025-06-26 03:15:00,2.0464636284693456
2025-06-26 03:20:00,2.0478243832716494
2025-06-26 03:25:00,2.0678251844574524
2025-06-26 03:30:00,2.074237831530717
2025-06-26 03:35:00,2.071878279571203
2025-06-26 03:40:00,2.0715539318941394
2025-06-26 03:45:00,2.0865819633901936
2025-06-26 03:50:00,2.0889171872160492
2025-06-26 03:55:00,2.0843499768355684
2025-06-26 04:00:00,2.08549220215494
2025-06-26 04:05:00,2.084537730632763
2025-06-26 04:10:00,2.086183856786459
2025-06-26 04:15:00,2.096269532645823
2025-06-26 04:20:00,2.1010389192952155
2025-06-26 04:25:00,2.1095389802584124
2025-06-26 04:30:00,2.109468556731045
2025-06-26 04:35:00,2.1092741631924627
2025-06-26 04:40:00,2.1113456820397793
2025-06-26 04:45:00,2.120606514255799
2025-06-26 04:50:00,2.1186875626755963
2025-06-26 04:55:00,2.1198068134441153
2025-06-26 05:00:00,2.189741626015175
2025-06-26 05:05:00,2.1926006683778585
2025-06-26 05:10:00,2.1820297527128254
2025-06-26 05:15:00,2.1836990646270946
2025-06-26 05:20:00,2.184130342612474
2025-06-26 05:25:00,2.188219122695335
2025-06-26 05:30:00,2.1877255234619426
2025-06-26 05:35:00,2.1858032302412718
2025-06-26 05:40:00,2.18235214914593
2025-06-26 05:45:00,2.188735092417164
2025-06-26 05:50:00,2.1934054109162906
2025-06-26 05:55:00,2.1883256686579236
2025-06-26 06:00:00,2.2647798053471475
2025-06-26 06:05:00,2.2649786727298946
2025-06-26 06:10:00,2.2624065752830083
2025-06-26 06:15:00,2.2617634895722616
2025-06-26 06:20:00,2.2618091449662363
2025-06-26 06:25:00,2.2631514396276793
2025-06-26 06:30:00,2.2650713322544007
2025-06-26 06:35:00,2.2644257989874768
2025-06-26 06:40:00,2.2653222878202617
2025-06-26 06:45:00,2.269547816955236
2025-06-26 06:50:00,2.270686737375502
2025-06-26 06:55:00,2.2643924939338693
2025-06-26 07:00:00,2.268905214563939
2025-06-26 07:05:00,2.2682708386182555
2025-06-26 07:10:00,2.2693611876365973
2025-06-26 07:15:00,2.2685069772898347
2025-06-26 07:20:00,2.2645617190256826
2025-06-26 07:25:00,2.2709424609251636
2025-06-26 07:30:00,2.2698284189573537
2025-06-26 07:35:00,2.268423298797999
2025-06-26 07:40:00,2.267734446712898
2025-06-26 07:45:00,2.267027759557341
2025-06-26 07:50:00,2.266557540242037
2025-06-26 07:55:00,2.268049065904227
2025-06-26 08:00:00,2.267508542504572
2025-06-26 08:05:00,2.2678365241902174
2025-06-26 08:10:00,2.2669510683726477
2025-06-26 08:15:00,2.265767425359455
2025-06-26 08:20:00,2.2709634924945563
2025-06-26 08:25:00,2.2666531647074804
2025-06-26 08:30:00,2.265403662633898
2025-06-26 08:35:00,2.266863393943847
2025-06-26 08:40:00,2.2633868426830626
2025-06-26 08:45:00,2.268826883856873
2025-06-26 08:50:00,2.266473639944252
2025-06-26 08:55:00,2.265609179394164
2025-06-26 09:00:00,2.266139343855977
2025-06-26 09:05:00,2.263223134186205
2025-06-26 09:10:00,2.2718312172951287
2025-06-26 09:15:00,2.266905818337202
2025-06-26 09:20:00,2.270974138651607
2025-06-26 09:25:00,2.265738347267202
2025-06-26 09:30:00,2.2675307854212776
2025-06-26 09:35:00,2.268219475636898
2025-06-26 09:40:00,2.267578486568265
2025-06-26 09:45:00,2.265172878127797
2025-06-26 09:50:00,2.2618079594090372
2025-06-26 09:55:00,2.271979304834417
2025-06-26 10:00:00,2.262271070573805
2025-06-26 10:05:00,2.270514472784514
2025-06-26 10:10:00,2.262532351549552
2025-06-26 10:15:00,2.266722008126625
2025-06-26 10:20:00,2.264678637041169
2025-06-26 10:25:00,2.264758618053334
2025-06-26 10:30:00,2.2615334599637262
2025-06-26 10:35:00,2.2620556539206755
2025-06-26 10:40:00,2.2620509519782703
2025-06-26 10:45:00,2.2633605845817515
2025-06-26 10:50:00,2.262406698755967
2025-06-26 10:55:00,2.261546283736435
2025-06-26 11:00:00,2.251787540434372
2025-06-26 11:05:00,2.2519887489007266
2025-06-26 11:10:00,2.2551054421264607
2025-06-26 11:15:00,2.251130354286635
2025-06-26 11:20:00,2.250072258369268
2025-06-26 11:25:00,2.250434716410336
2025-06-26 11:30:00,2.2444984463278046
2025-06-26 11:35:00,2.249949598712501
2025-06-26 11:40:00,2.250107445736096
2025-06-26 11:45:00,2.2370780160935313
2025-06-26 11:50:00,2.2364560419108606
2025-06-26 11:55:00,2.232295579277316
2025-06-26 12:00:00,2.1614166938238526
2025-06-26 12:05:00,2.163476703051346
2025-06-26 12:10:00,2.1628172542123334
2025-06-26 12:15:00,2.1589176301127324
2025-06-26 12:20:00,2.161882627775492
2025-06-26 12:25:00,2.1603545263292565
2025-06-26 12:30:00,2.155497325759573
2025-06-26 12:35:00,2.1529359986008894
2025-06-26 12:40:00,2.1623186245193073
2025-06-26 12:45:00,2.158553446496649
2025-06-26 12:50:00,2.156524365543497
2025-06-26 12:55:00,2.1563637241495983
2025-06-26 13:00:00,2.1121096510447956
2025-06-26 13:05:00,2.114298057412327
2025-06-26 13:10:00,2.1077641297322387
2025-06-26 13:15:00,2.1096986062010834
2025-06-26 13:20:00,2.114823378700691
2025-06-26 13:25:00,2.112645607862286
2025-06-26 13:30:00,2.1123508946117417
2025-06-26 13:35:00,2.1114320936310205
2025-06-26 13:40:00,2.111106194420286
2025-06-26 13:45:00,2.1090546599658175
2025-06-26 13:50:00,2.108746024949805
2025-06-26 13:55:00,2.1121189997023113
2025-06-26 14:00:00,2.0724098481441673
2025-06-26 14:05:00,2.0744127670263572
2025-06-26 14:10:00,2.0739963293518633
2025-06-26 14:15:00,2.078283179565468
2025-06-26 14:20:00,2.0722455173452783
2025-06-26 14:25:00,2.0755271798473287
2025-06-26 14:30:00,2.0728090244548256
2025-06-26 14:35:00,2.0706387592736357
2025-06-26 14:40:00,2.0677034003473067
2025-06-26 14:45:00,2.067189706939403
2025-06-26 14:50:00,2.0695175379048716
2025-06-26 14:55:00,2.055323713528451
2025-06-26 15:00:00,2.0079068402305364
2025-06-26 15:05:00,2.0091083862323846
2025-06-26 15:10:00,2.008593529412808
2025-06-26 15:15:00,2.010581615085112
2025-06-26 15:20:00,2.0015790176207386
2025-06-26 15:25:00,2.002589052409283
2025-06-26 15:30:00,1.98419954472501
2025-06-26 15:35:00,1.962704475694119
2025-06-26 15:40:00,1.9646210765251948
2025-06-26 15:45:00,1.9421049876928331
2025-06-26 15:50:00,1.942492643326175
2025-06-26 15:55:00,1.9264824531389586
2025-06-26 16:00:00,1.8941842583442974
2025-06-26 16:05:00,1.8836397776949683
2025-06-26 16:10:00,1.8943824642181135
2025-06-26 16:15:00,1.8932764132824174
2025-06-26 16:20:00,1.88143468115223
2025-06-26 16:25:00,1.8710026614717987
2025-06-26 16:30:00,1.856101850921433
2025-06-26 16:35:00,1.8351409574152988
2025-06-26 16:40:00,1.8406135420954888
2025-06-26 16:45:00,1.8374047627940273
2025-06-26 16:50:00,1.8388820057492552
2025-06-26 16:55:00,1.8256319669681271
2025-06-26 17:00:00,1.7973921631042062
2025-06-26 17:05:00,1.7940289899923327
2025-06-26 17:10:00,1.798694743354921
2025-06-26 17:15:00,1.7979357612762628
2025-06-26 17:20:00,1.7941468646187144
2025-06-26 17:25:00,1.7890066618382559
2025-06-26 17:30:00,1.7789836038536049
2025-06-26 17:35:00,1.782045202787681
2025-06-26 17:40:00,1.7808470800681366
2025-06-26 17:45:00,1.7791511234529214
2025-06-26 17:50:00,1.7787245914664025
2025-06-26 17:55:00,1.7703044713474898
2025-06-26 18:00:00,1.7395132861926288
2025-06-26 18:05:00,1.7384554470926414
2025-06-26 18:10:00,1.7354354254386162
2025-06-26 18:15:00,1.735486436598806
2025-06-26 18:20:00,1.7279841243755854
2025-06-26 18:25:00,1.727795642117747
2025-06-26 18:30:00,1.7261600931034906
2025-06-26 18:35:00,1.723579900113478
2025-06-26 18:40:00,1.731300367458883
2025-06-26 18:45:00,1.7273014227679335
2025-06-26 18:50:00,1.725601716199693
2025-06-26 18:55:00,1.7258610967203387
2025-06-26 19:00:00,1.7255680233014778
2025-06-26 19:05:00,1.726020861987693
2025-06-26 19:10:00,1.7323729323489714
2025-06-26 19:15:00,1.7331324619938955
2025-06-26 19:20:00,1.7169947911438377
2025-06-26 19:25:00,1.7237667388118123
2025-06-26 19:30:00,1.7239002645265566
2025-06-26 19:35:00,1.7195132266576325
2025-06-26 19:40:00,1.724202522032063
2025-06-26 19:45:00,1.7222781667752907
2025-06-26 19:50:00,1.7214582470890882
2025-06-26 19:55:00,1.7196802669875693
2025-06-26 20:00:00,1.7278805612821233
2025-06-26 20:05:00,1.7279442959764397
2025-06-26 20:10:00,1.728496335873984
2025-06-26 20:15:00,1.728314472835136
2025-06-26 20:20:00,1.723295788322597
2025-06-26 20:25:00,1.721308352044673
2025-06-26 20:30:00,1.7204846168489616
2025-06-26 20:35:00,1.7161474575788478
2025-06-26 20:40:00,1.722207488058063
2025-06-26 20:45:00,1.7230934789066579
2025-06-26 20:50:00,1.720791235998164
2025-06-26 20:55:00,1.7221281225278984
2025-06-26 21:00:00,1.7266291423219082
2025-06-26 21:05:00,1.7325993253088576
2025-06-26 21:10:00,1.7292487669831866
2025-06-26 21:15:00,1.724715348471465
2025-06-26 21:20:00,1.7255089858018375
2025-06-26 21:25:00,1.7242643768283565
2025-06-26 21:30:00,1.7250550109911769
2025-06-26 21:35:00,1.7245478502796705
2025-06-26 21:40:00,1.7237530847913034
2025-06-26 21:45:00,1.721578345325658
2025-06-26 21:50:00,1.7222075790366325
2025-06-26 21:55:00,1.7176974837557084
2025-06-26 22:00:00,1.7349232158658001
2025-06-26 22:05:00,1.7432086937765723
2025-06-26 22:10:00,1.7313106940577243
2025-06-26 22:15:00,1.7365024965412812
2025-06-26 22:20:00,1.7292908735555286
2025-06-26 22:25:00,1.7315869329681108
2025-06-26 22:30:00,1.7278191669603362
2025-06-26 22:35:00,1.7304302568645893
2025-06-26 22:40:00,1.7274343765538045
2025-06-26 22:45:00,1.7293984003802603
2025-06-26 22:50:00,1.7284077649307918
2025-06-26 22:55:00,1.726788994921083
2025-06-26 23:00:00,1.740417096462751
2025-06-26 23:05:00,1.7447992634177383
2025-06-26 23:10:00,1.7431960295446371
2025-06-26 23:15:00,1.7441870644902573
2025-06-26 23:20:00,1.7385338749452754
2025-06-26 23:25:00,1.7341002678379716
2025-06-26 23:30:00,1.7326329903881352
2025-06-26 23:35:00,1.732512465768882
2025-06-26 23:40:00,1.7360436521368188
2025-06-26 23:45:00,1.733722476276654
2025-06-26 23:50:00,1.7340168326568062
2025-06-26 23:55:00,1.7309443281810593
2025-06-27 00:00:00,1.8511861040542867
2025-06-27 00:05:00,1.8513339697398692
2025-06-27 00:10:00,1.8506494286614261
2025-06-27 00:15:00,1.867221119632692
2025-06-27 00:20:00,1.869517406168515
2025-06-27 00:25:00,1.8668205820585402
2025-06-27 00:30:00,1.8730632922600252
2025-06-27 00:35:00,1.8713495681488606
2025-06-27 00:40:00,1.8664155329907215
2025-06-27 00:45:00,1.869345126879962
2025-06-27 00:50:00,1.8705789090894556
2025-06-27 00:55:00,1.9225288713039625
2025-06-27 01:00:00,1.888106432047288
2025-06-27 01:05:00,1.880446097153149
2025-06-27 01:10:00,1.8875599375474525
2025-06-27 01:15:00,1.9048631357275287
2025-06-27 01:20:00,1.8981613186865034
2025-06-27 01:25:00,1.9035331417596553
2025-06-27 01:30:00,1.9047039953979
2025-06-27 01:35:00,1.90947315603671
2025-06-27 01:40:00,1.9038440229775835
2025-06-27 01:45:00,1.9080677354272038
2025-06-27 01:50:00,1.90865258611871
2025-06-27 01:55:00,1.943963006751473
2025-06-27 02:00:00,1.959910784183127
2025-06-27 02:05:00,1.9556551459980764
2025-06-27 02:10:00,1.9601626375045447
2025-06-27 02:15:00,1.9826988665146044
2025-06-27 02:20:00,1.9785430343307058
2025-06-27 02:25:00,1.9834034461312737
2025-06-27 02:30:00,1.983193849708444
2025-06-27 02:35:00,1.9879839552559078
2025-06-27 02:40:00,1.9856140934310595
2025-06-27 02:45:00,1.9822825806797684
2025-06-27 02:50:00,1.9930988573720894
2025-06-27 02:55:00,1.9989477268537077
2025-06-27 03:00:00,2.0309405786968586
2025-06-27 03:05:00,2.0282704954042257
2025-06-27 03:10:00,2.0270155720942893
2025-06-27 03:15:00,2.0464636284693456
2025-06-27 03:20:00,2.0478243832716494
2025-06-27 03:25:00,2.0678251844574524
2025-06-27 03:30:00,2.074237831530717
2025-06-27 03:35:00,2.071878279571203
2025-06-27 03:40:00,2.0715539318941394
2025-06-27 03:45:00,2.0865819633901936
2025-06-27 03:50:00,2.0889171872160492
2025-06-27 03:55:00,2.0843499768355684
2025-06-27 04:00:00,2.08549220215494
2025-06-27 04:05:00,2.084537730632763
2025-06-27 04:10:00,2.086183856786459
2025-06-27 04:15:00,2.096269532645823
2025-06-27 04:20:00,2.1010389192952155
2025-06-27 04:25:00,2.1095389802584124
2025-06-27 04:30:00,2.109468556731045
2025-06-27 04:35:00,2.1092741631924627
2025-06-27 04:40:00,2.1113456820397793
2025-06-27 04:45:00,2.120606514255799
2025-06-27 04:50:00,2.1186875626755963
2025-06-27 04:55:00,2.1198068134441153
2025-06-27 05:00:00,2.189741626015175
2025-06-27 05:05:00,2.1926006683778585
2025-06-27 05:10:00,2.1820297527128254
2025-06-27 05:15:00,2.1836990646270946
2025-06-27 05:20:00,2.184130342612474
2025-06-27 05:25:00,2.188219122695335
2025-06-27 05:30:00,2.1877255234619426
2025-06-27 05:35:00,2.1858032302412718
2025-06-27 05:40:00,2.18235214914593
2025-06-27 05:45:00,2.188735092417164
2025-06-27 05:50:00,2.1934054109162906
2025-06-27 05:55:00,2.1883256686579236
2025-06-27 06:00:00,2.2647798053471475
2025-06-27 06:05:00,2.2649786727298946
2025-06-27 06:10:00,2.2624065752830083
2025-06-27 06:15:00,2.2617634895722616
2025-06-27 06:20:00,2.2618091449662363
2025-06-27 06:25:00,2.2631514396276793
2025-06-27 06:30:00,2.2650713322544007
2025-06-27 06:35:00,2.2644257989874768
2025-06-27 06:40:00,2.2653222878202617
2025-06-27 06:45:00,2.269547816955236
2025-06-27 06:50:00,2.270686737375502
2025-06-27 06:55:00,2.2643924939338693
2025-06-27 07:00:00,2.268905214563939
2025-06-27 07:05:00,2.2682708386182555
2025-06-27 07:10:00,2.2693611876365973
2025-06-27 07:15:00,2.2685069772898347
2025-06-27 07:20:00,2.2645617190256826
2025-06-27 07:25:00,2.2709424609251636
2025-06-27 07:30:00,2.2698284189573537
2025-06-27 07:35:00,2.268423298797999
2025-06-27 07:40:00,2.267734446712898
2025-06-27 07:45:00,2.267027759557341
2025-06-27 07:50:00,2.266557540242037
2025-06-27 07:55:00,2.268049065904227
2025-06-27 08:00:00,2.267508542504572
2025-06-27 08:05:00,2.2678365241902174
2025-06-27 08:10:00,2.2669510683726477
2025-06-27 08:15:00,2.265767425359455
2025-06-27 08:20:00,2.2709634924945563
2025-06-27 08:25:00,2.2666531647074804
2025-06-27 08:30:00,2.265403662633898
2025-06-27 08:35:00,2.266863393943847
2025-06-27 08:40:00,2.2633868426830626
2025-06-27 08:45:00,2.268826883856873
2025-06-27 08:50:00,2.266473639944252
2025-06-27 08:55:00,2.265609179394164
2025-06-27 09:00:00,2.266139343855977
2025-06-27 09:05:00,2.263223134186205
2025-06-27 09:10:00,2.2718312172951287
2025-06-27 09:15:00,2.266905818337202
2025-06-27 09:20:00,2.270974138651607
2025-06-27 09:25:00,2.265738347267202
2025-06-27 09:30:00,2.2675307854212776
2025-06-27 09:35:00,2.268219475636898
2025-06-27 09:40:00,2.267578486568265
2025-06-27 09:45:00,2.265172878127797
2025-06-27 09:50:00,2.2618079594090372
2025-06-27 09:55:00,2.271979304834417
2025-06-27 10:00:00,2.262271070573805
2025-06-27 10:05:00,2.270514472784514
2025-06-27 10:10:00,2.262532351549552
2025-06-27 10:15:00,2.266722008126625
2025-06-27 10:20:00,2.264678637041169
2025-06-27 10:25:00,2.264758618053334
2025-06-27 10:30:00,2.2615334599637262
2025-06-27 10:35:00,2.2620556539206755
2025-06-27 10:40:00,2.2620509519782703
2025-06-27 10:45:00,2.2633605845817515
2025-06-27 10:50:00,2.262406698755967
2025-06-27 10:55:00,2.261546283736435
2025-06-27 11:00:00,2.251787540434372
2025-06-27 11:05:00,2.2519887489007266
2025-06-27 11:10:00,2.2551054421264607
2025-06-27 11:15:00,2.251130354286635
2025-06-27 11:20:00,2.250072258369268
2025-06-27 11:25:00,2.250434716410336
2025-06-27 11:30:00,2.2444984463278046
2025-06-27 11:35:00,2.249949598712501
2025-06-27 11:40:00,2.250107445736096
2025-06-27 11:45:00,2.2370780160935313
2025-06-27 11:50:00,2.2364560419108606
2025-06-27 11:55:00,2.232295579277316
2025-06-27 12:00:00,2.1614166938238526
2025-06-27 12:05:00,2.163476703051346
2025-06-27 12:10:00,2.1628172542123334
2025-06-27 12:15:00,2.1589176301127324
2025-06-27 12:20:00,2.161882627775492
2025-06-27 12:25:00,2.1603545263292565
2025-06-27 12:30:00,2.155497325759573
2025-06-27 12:35:00,2.1529359986008894
2025-06-27 12:40:00,2.1623186245193073
2025-06-27 12:45:00,2.158553446496649
2025-06-27 12:50:00,2.156524365543497
2025-06-27 12:55:00,2.1563637241495983
2025-06-27 13:00:00,2.1121096510447956
2025-06-27 13:05:00,2.114298057412327
2025-06-27 13:10:00,2.1077641297322387
2025-06-27 13:15:00,2.1096986062010834
2025-06-27 13:20:00,2.114823378700691
2025-06-27 13:25:00,2.112645607862286
2025-06-27 13:30:00,2.1123508946117417
2025-06-27 13:35:00,2.1114320936310205
2025-06-27 13:40:00,2.111106194420286
2025-06-27 13:45:00,2.1090546599658175
2025-06-27 13:50:00,2.108746024949805
2025-06-27 13:55:00,2.1121189997023113
2025-06-27 14:00:00,2.0724098481441673
2025-06-27 14:05:00,2.0744127670263572
2025-06-27 14:10:00,2.0739963293518633
2025-06-27 14:15:00,2.078283179565468
2025-06-27 14:20:00,2.0722455173452783
2025-06-27 14:25:00,2.0755271798473287
2025-06-27 14:30:00,2.0728090244548256
2025-06-27 14:35:00,2.0706387592736357
2025-06-27 14:40:00,2.0677034003473067
2025-06-27 14:45:00,2.0670902863919176
2025-06-27 14:50:00,2.0694181173573862
2025-06-27 14:55:00,2.055323713528451
2025-06-27 15:00:00,2.005283759023261
2025-06-27 15:05:00,2.0064853050251092
2025-06-27 15:10:00,2.0059704482055327
2025-06-27 15:15:00,2.0079585338778365
2025-06-27 15:20:00,2.0015790176207386
2025-06-27 15:25:00,2.002589052409283
2025-06-27 15:30:00,1.9809907882781717
2025-06-27 15:35:00,1.9598024447492948
2025-06-27 15:40:00,1.9617190455803706
2025-06-27 15:45:00,1.9421049876928331
2025-06-27 15:50:00,1.942492643326175
2025-06-27 15:55:00,1.9264824531389586
2025-06-27 16:00:00,1.8915612963463115
2025-06-27 16:05:00,1.8810168156969824
2025-06-27 16:10:00,1.8917593830108381
2025-06-27 16:15:00,1.890653332075142
2025-06-27 16:20:00,1.88143468115223
2025-06-27 16:25:00,1.8710026614717987
2025-06-27 16:30:00,1.856101850921433
2025-06-27 16:35:00,1.8351409574152988
2025-06-27 16:40:00,1.8406135420954888
2025-06-27 16:45:00,1.8374047627940273
2025-06-27 16:50:00,1.8388820057492552
2025-06-27 16:55:00,1.8256319669681271
2025-06-27 17:00:00,1.7947690818969309
2025-06-27 17:05:00,1.7914059087850573
2025-06-27 17:10:00,1.7960716621476456
2025-06-27 17:15:00,1.7953126800689874
2025-06-27 17:20:00,1.7941468646187144
2025-06-27 17:25:00,1.7890066618382559
2025-06-27 17:30:00,1.7789836038536049
2025-06-27 17:35:00,1.782045202787681
2025-06-27 17:40:00,1.7808470800681366
2025-06-27 17:45:00,1.7791511234529214
2025-06-27 17:50:00,1.7787245914664025
2025-06-27 17:55:00,1.7703044713474898
2025-06-27 18:00:00,1.7368902049853534
2025-06-27 18:05:00,1.735832365885366
2025-06-27 18:10:00,1.7328123442313408
2025-06-27 18:15:00,1.7328633553915307
2025-06-27 18:20:00,1.7279841243755854
2025-06-27 18:25:00,1.727795642117747
2025-06-27 18:30:00,1.7261600931034906
2025-06-27 18:35:00,1.723579900113478
2025-06-27 18:40:00,1.731300367458883
2025-06-27 18:45:00,1.7273014227679335
2025-06-27 18:50:00,1.725601716199693
2025-06-27 18:55:00,1.7258610967203387
2025-06-27 19:00:00,1.722945061303492
2025-06-27 19:05:00,1.723397899989707
2025-06-27 19:10:00,1.7297499703509855
2025-06-27 19:15:00,1.7305094999959096
2025-06-27 19:20:00,1.7169947911438377
2025-06-27 19:25:00,1.7237667388118123
2025-06-27 19:30:00,1.7239002645265566
2025-06-27 19:35:00,1.7195132266576325
2025-06-27 19:40:00,1.724202522032063
2025-06-27 19:45:00,1.7222781667752907
2025-06-27 19:50:00,1.7214582470890882
2025-06-27 19:55:00,1.7196802669875693
2025-06-27 20:00:00,1.7252575992841375
2025-06-27 20:05:00,1.7253213339784539
2025-06-27 20:10:00,1.7258733738759982
2025-06-27 20:15:00,1.7256915108371502
2025-06-27 20:20:00,1.723295788322597
2025-06-27 20:25:00,1.721308352044673
2025-06-27 20:30:00,1.7204846168489616
2025-06-27 20:35:00,1.7161474575788478
2025-06-27 20:40:00,1.722207488058063
2025-06-27 20:45:00,1.7230934789066579
2025-06-27 20:50:00,1.720791235998164
2025-06-27 20:55:00,1.7221281225278984
2025-06-27 21:00:00,1.7240061803239224
2025-06-27 21:05:00,1.7299763633108718
2025-06-27 21:10:00,1.7266258049852008
2025-06-27 21:15:00,1.7220923864734792
2025-06-27 21:20:00,1.7255089858018375
2025-06-27 21:25:00,1.7242643768283565
2025-06-27 21:30:00,1.7250550109911769
2025-06-27 21:35:00,1.7245478502796705
2025-06-27 21:40:00,1.7237530847913034
2025-06-27 21:45:00,1.721578345325658
2025-06-27 21:50:00,1.7222075790366325
2025-06-27 21:55:00,1.7176974837557084
2025-06-27 22:00:00,1.7323001346585247
2025-06-27 22:05:00,1.740585612569297
2025-06-27 22:10:00,1.728687612850449
2025-06-27 22:15:00,1.7338794153340058
2025-06-27 22:20:00,1.7292908735555286
2025-06-27 22:25:00,1.7315869329681108
2025-06-27 22:30:00,1.7278191669603362
2025-06-27 22:35:00,1.7304302568645893
2025-06-27 22:40:00,1.7274343765538045
2025-06-27 22:45:00,1.7293984003802603
2025-06-27 22:50:00,1.7284077649307918
2025-06-27 22:55:00,1.726788994921083
2025-06-27 23:00:00,1.7377941344647652
2025-06-27 23:05:00,1.7421763014197524
2025-06-27 23:10:00,1.7405730675466513
2025-06-27 23:15:00,1.7415641024922714
2025-06-27 23:20:00,1.7385338749452754
2025-06-27 23:25:00,1.7341002678379716
2025-06-27 23:30:00,1.7326329903881352
2025-06-27 23:35:00,1.732512465768882
2025-06-27 23:40:00,1.7360436521368188
2025-06-27 23:45:00,1.733722476276654
2025-06-27 23:50:00,1.7340168326568062
2025-06-27 23:55:00,1.7309443281810593
2025-06-28 00:00:00,1.8511861040542867
2025-06-28 00:05:00,1.8513339697398692
2025-06-28 00:10:00,1.8506494286614261
2025-06-28 00:15:00,1.867221119632692
2025-06-28 00:20:00,1.869517406168515
2025-06-28 00:25:00,1.8668205820585402
2025-06-28 00:30:00,1.8730632922600252
2025-06-28 00:35:00,1.8713495681488606
2025-06-28 00:40:00,1.8664155329907215
2025-06-28 00:45:00,1.869345126879962
2025-06-28 00:50:00,1.8705789090894556
2025-06-28 00:55:00,1.9225288713039625
2025-06-28 01:00:00,1.888106432047288
2025-06-28 01:05:00,1.880446097153149
2025-06-28 01:10:00,1.8875599375474525
2025-06-28 01:15:00,1.9048631357275287
2025-06-28 01:20:00,1.8981613186865034
2025-06-28 01:25:00,1.9035331417596553
2025-06-28 01:30:00,1.9047039953979
2025-06-28 01:35:00,1.90947315603671
2025-06-28 01:40:00,1.9038440229775835
2025-06-28 01:45:00,1.9080677354272038
2025-06-28 01:50:00,1.90865258611871
2025-06-28 01:55:00,1.943963006751473
2025-06-28 02:00:00,1.959910784183127
2025-06-28 02:05:00,1.9556551459980764
2025-06-28 02:10:00,1.9601626375045447
2025-06-28 02:15:00,1.9826988665146044
2025-06-28 02:20:00,1.9785430343307058
2025-06-28 02:25:00,1.9834034461312737
2025-06-28 02:30:00,1.983193849708444
2025-06-28 02:35:00,1.9879839552559078
2025-06-28 02:40:00,1.9856140934310595
2025-06-28 02:45:00,1.9822825806797684
2025-06-28 02:50:00,1.9930988573720894
2025-06-28 02:55:00,1.9989477268537077
2025-06-28 03:00:00,2.0309405786968586
2025-06-28 03:05:00,2.0282704954042257
2025-06-28 03:10:00,2.0270155720942893
2025-06-28 03:15:00,2.0464636284693456
2025-06-28 03:20:00,2.0478243832716494
2025-06-28 03:25:00,2.0678251844574524
2025-06-28 03:30:00,2.074237831530717
2025-06-28 03:35:00,2.071878279571203
2025-06-28 03:40:00,2.0715539318941394
2025-06-28 03:45:00,2.0865819633901936
2025-06-28 03:50:00,2.0889171872160492
2025-06-28 03:55:00,2.0843499768355684
2025-06-28 04:00:00,2.08549220215494
2025-06-28 04:05:00,2.084537730632763
2025-06-28 04:10:00,2.086183856786459
2025-06-28 04:15:00,2.096269532645823
2025-06-28 04:20:00,2.1010389192952155
2025-06-28 04:25:00,2.1095389802584124
2025-06-28 04:30:00,2.109468556731045
2025-06-28 04:35:00,2.1092741631924627
2025-06-28 04:40:00,2.1113456820397793
2025-06-28 04:45:00,2.120606514255799
2025-06-28 04:50:00,2.1186875626755963
2025-06-28 04:55:00,2.1198068134441153
2025-06-28 05:00:00,2.189741626015175
2025-06-28 05:05:00,2.1926006683778585
2025-06-28 05:10:00,2.1820297527128254
2025-06-28 05:15:00,2.1836990646270946
2025-06-28 05:20:00,2.184130342612474
2025-06-28 05:25:00,2.188219122695335
2025-06-28 05:30:00,2.1877255234619426
2025-06-28 05:35:00,2.1858032302412718
2025-06-28 05:40:00,2.18235214914593
2025-06-28 05:45:00,2.188735092417164
2025-06-28 05:50:00,2.1934054109162906
2025-06-28 05:55:00,2.1883256686579236
2025-06-28 06:00:00,2.2647798053471475
2025-06-28 06:05:00,2.2649786727298946
2025-06-28 06:10:00,2.2624065752830083
2025-06-28 06:15:00,2.2617634895722616
2025-06-28 06:20:00,2.2618091449662363
2025-06-28 06:25:00,2.2631514396276793
2025-06-28 06:30:00,2.2650713322544007
2025-06-28 06:35:00,2.2644257989874768
2025-06-28 06:40:00,2.2653222878202617
2025-06-28 06:45:00,2.269547816955236
2025-06-28 06:50:00,2.270686737375502
2025-06-28 06:55:00,2.2643924939338693
2025-06-28 07:00:00,2.268905214563939
2025-06-28 07:05:00,2.2682708386182555
2025-06-28 07:10:00,2.2693611876365973
2025-06-28 07:15:00,2.2685069772898347
2025-06-28 07:20:00,2.2645617190256826
2025-06-28 07:25:00,2.2709424609251636
2025-06-28 07:30:00,2.2698284189573537
2025-06-28 07:35:00,2.268423298797999
2025-06-28 07:40:00,2.267734446712898
2025-06-28 07:45:00,2.267027759557341
2025-06-28 07:50:00,2.266557540242037
2025-06-28 07:55:00,2.268049065904227
2025-06-28 08:00:00,2.267508542504572
2025-06-28 08:05:00,2.2678365241902174
2025-06-28 08:10:00,2.2669510683726477
2025-06-28 08:15:00,2.265767425359455
2025-06-28 08:20:00,2.2709634924945563
2025-06-28 08:25:00,2.2666531647074804
2025-06-28 08:30:00,2.265403662633898
2025-06-28 08:35:00,2.266863393943847
2025-06-28 08:40:00,2.2633868426830626
2025-06-28 08:45:00,2.268826883856873
2025-06-28 08:50:00,2.266473639944252
2025-06-28 08:55:00,2.265609179394164
2025-06-28 09:00:00,2.266139343855977
2025-06-28 09:05:00,2.263223134186205
2025-06-28 09:10:00,2.2718312172951287
2025-06-28 09:15:00,2.266905818337202
2025-06-28 09:20:00,2.270974138651607
2025-06-28 09:25:00,2.265738347267202
2025-06-28 09:30:00,2.2675307854212776
2025-06-28 09:35:00,2.268219475636898
2025-06-28 09:40:00,2.267578486568265
2025-06-28 09:45:00,2.265172878127797
2025-06-28 09:50:00,2.2618079594090372
2025-06-28 09:55:00,2.271979304834417
2025-06-28 10:00:00,2.262271070573805
2025-06-28 10:05:00,2.270514472784514
2025-06-28 10:10:00,2.262532351549552
2025-06-28 10:15:00,2.266722008126625
2025-06-28 10:20:00,2.264678637041169
2025-06-28 10:25:00,2.264758618053334
2025-06-28 10:30:00,2.2615334599637262
2025-06-28 10:35:00,2.2620556539206755
2025-06-28 10:40:00,2.2620509519782703
2025-06-28 10:45:00,2.2633605845817515
2025-06-28 10:50:00,2.262406698755967
2025-06-28 10:55:00,2.261546283736435
2025-06-28 11:00:00,2.251787540434372
2025-06-28 11:05:00,2.2519887489007266
2025-06-28 11:10:00,2.2551054421264607
2025-06-28 11:15:00,2.251130354286635
2025-06-28 11:20:00,2.250072258369268
2025-06-28 11:25:00,2.250434716410336
2025-06-28 11:30:00,2.2444984463278046
2025-06-28 11:35:00,2.249949598712501
2025-06-28 11:40:00,2.250107445736096
2025-06-28 11:45:00,2.2370780160935313
2025-06-28 11:50:00,2.2364560419108606
2025-06-28 11:55:00,2.232295579277316
2025-06-28 12:00:00,2.1614166938238526
2025-06-28 12:05:00,2.163476703051346
2025-06-28 12:10:00,2.1628172542123334
2025-06-28 12:15:00,2.1589176301127324
2025-06-28 12:20:00,2.161882627775492
2025-06-28 12:25:00,2.1603545263292565
2025-06-28 12:30:00,2.155497325759573
2025-06-28 12:35:00,2.1529359986008894
2025-06-28 12:40:00,2.1623186245193073
2025-06-28 12:45:00,2.158553446496649
2025-06-28 12:50:00,2.156524365543497
2025-06-28 12:55:00,2.1563637241495983
2025-06-28 13:00:00,2.1283042330302693
2025-06-28 13:05:00,2.1304926393978008
2025-06-28 13:10:00,2.1239587117177123
2025-06-28 13:15:00,2.125893188186557
2025-06-28 13:20:00,2.131017960686165
2025-06-28 13:25:00,2.1288401898477596
2025-06-28 13:30:00,2.1285454765972154
2025-06-28 13:35:00,2.127626675616494
2025-06-28 13:40:00,2.1273007764057597
2025-06-28 13:45:00,2.125249241951291
2025-06-28 13:50:00,2.1249406069352785
2025-06-28 13:55:00,2.128313581687785
2025-06-28 14:00:00,2.076364258697146
2025-06-28 14:05:00,2.0783671775793358
2025-06-28 14:10:00,2.077950739904842
2025-06-28 14:15:00,2.0822373516998676
2025-06-28 14:20:00,2.0761996894796777
2025-06-28 14:25:00,2.079481351981728
2025-06-28 14:30:00,2.076763196589225
2025-06-28 14:35:00,2.074592931408035
2025-06-28 14:40:00,2.071657572481706
2025-06-28 14:45:00,2.067189706939403
2025-06-28 14:50:00,2.0695175379048716
2025-06-28 14:55:00,2.055323713528451
2025-06-28 15:00:00,2.0092379311576605
2025-06-28 15:05:00,2.0104394771595087
2025-06-28 15:10:00,2.009924620339932
2025-06-28 15:15:00,2.011912706012236
2025-06-28 15:20:00,2.0055335473830067
2025-06-28 15:25:00,2.006543582171551
2025-06-28 15:30:00,1.9945559709640237
2025-06-28 15:35:00,1.9666588862470975
2025-06-28 15:40:00,1.9685754870781733
2025-06-28 15:45:00,1.9421049876928331
2025-06-28 15:50:00,1.942492643326175
2025-06-28 15:55:00,1.9264824531389586
2025-06-28 16:00:00,1.8915612963463115
2025-06-28 16:05:00,1.8810168156969824
2025-06-28 16:10:00,1.8917593830108381
2025-06-28 16:15:00,1.890653332075142
2025-06-28 16:20:00,1.88143468115223
2025-06-28 16:25:00,1.8710026614717987
2025-06-28 16:30:00,1.856101850921433
2025-06-28 16:35:00,1.8351409574152988
2025-06-28 16:40:00,1.8406135420954888
2025-06-28 16:45:00,1.8374047627940273
2025-06-28 16:50:00,1.8388820057492552
2025-06-28 16:55:00,1.8256319669681271
2025-06-28 17:00:00,1.7947690818969309
2025-06-28 17:05:00,1.7914059087850573
2025-06-28 17:10:00,1.7960716621476456
2025-06-28 17:15:00,1.7953126800689874
2025-06-28 17:20:00,1.7941468646187144
2025-06-28 17:25:00,1.7890066618382559
2025-06-28 17:30:00,1.7789836038536049
2025-06-28 17:35:00,1.782045202787681
2025-06-28 17:40:00,1.7808470800681366
2025-06-28 17:45:00,1.7791511234529214
2025-06-28 17:50:00,1.7787245914664025
2025-06-28 17:55:00,1.7703044713474898
2025-06-28 18:00:00,1.7368902049853534
2025-06-28 18:05:00,1.735832365885366
2025-06-28 18:10:00,1.7328123442313408
2025-06-28 18:15:00,1.7328633553915307
2025-06-28 18:20:00,1.7279841243755854
2025-06-28 18:25:00,1.727795642117747
2025-06-28 18:30:00,1.7261600931034906
2025-06-28 18:35:00,1.723579900113478
2025-06-28 18:40:00,1.731300367458883
2025-06-28 18:45:00,1.7273014227679335
2025-06-28 18:50:00,1.725601716199693
2025-06-28 18:55:00,1.7258610967203387
2025-06-28 19:00:00,1.721357074357386
2025-06-28 19:05:00,1.721809913043601
2025-06-28 19:10:00,1.7281619834048796
2025-06-28 19:15:00,1.7289215130498037
2025-06-28 19:20:00,1.7154066849884422
2025-06-28 19:25:00,1.7221786326564168
2025-06-28 19:30:00,1.7223122775804507
2025-06-28 19:35:00,1.7179252397115266
2025-06-28 19:40:00,1.722614535085957
2025-06-28 19:45:00,1.7206901798291847
2025-06-28 19:50:00,1.7198702601429823
2025-06-28 19:55:00,1.7180922800414633
